source_row,province_code,province_name,canton_code,canton_name,parish_code,parish_name,parish_classification,is_active
3,01,AZUAY,0101,CUENCA,010150,CUENCA,cabecera_cantonal,True
4,01,AZUAY,0101,CUENCA,010151,BAÑOS,rural,True
5,01,AZUAY,0101,CUENCA,010152,CUMBE,rural,True
6,01,AZUAY,0101,CUENCA,010153,CHAUCHA,rural,True
7,01,AZUAY,0101,CUENCA,010154,CHECA,rural,True
8,01,AZUAY,0101,CUENCA,010155,CHIQUINTAD,rural,True
9,01,AZUAY,0101,CUENCA,010156,LLACAO,rural,True
10,01,AZUAY,0101,CUENCA,010157,MOLLETURO,rural,True
11,01,AZUAY,0101,CUENCA,010158,NULTI,rural,True
12,01,AZUAY,0101,CUENCA,010159,OCTAVIO CORDERO PALACIOS,rural,True
13,01,AZUAY,0101,CUENCA,010160,PACCHA,rural,True
14,01,AZUAY,0101,CUENCA,010161,QUINGEO,rural,True
15,01,AZUAY,0101,CUENCA,010162,RICAURTE,rural,True
16,01,AZUAY,0101,CUENCA,010163,SAN JOAQUÍN,rural,True
17,01,AZUAY,0101,CUENCA,010164,SANTA ANA,rural,True
18,01,AZUAY,0101,CUENCA,010165,SAYAUSÍ,rural,True
19,01,AZUAY,0101,CUENCA,010166,SIDCAY,rural,True
20,01,AZUAY,0101,CUENCA,010167,SININCAY,rural,True
21,01,AZUAY,0101,CUENCA,010168,TARQUI,rural,True
22,01,AZUAY,0101,CUENCA,010169,TURI,rural,True
23,01,AZUAY,0101,CUENCA,010170,VALLE,rural,True
24,01,AZUAY,0101,CUENCA,010171,VICTORIA DEL PORTETE,rural,True
25,01,AZUAY,0102,GIRÓN,010250,GIRÓN,cabecera_cantonal,True
26,01,AZUAY,0102,GIRÓN,010251,LA ASUNCIÓN,rural,True
27,01,AZUAY,0102,GIRÓN,010252,SAN GERARDO,rural,True
28,01,AZUAY,0103,GUALACEO,010350,GUALACEO,cabecera_cantonal,True
29,01,AZUAY,0103,GUALACEO,010352,DANIEL CÓRDOVA TORAL,rural,True
30,01,AZUAY,0103,GUALACEO,010353,JADÁN,rural,True
31,01,AZUAY,0103,GUALACEO,010354,MARIANO MORENO,rural,True
32,01,AZUAY,0103,GUALACEO,010356,REMIGIO CRESPO TORAL,rural,True
33,01,AZUAY,0103,GUALACEO,010357,SAN JUAN,rural,True
34,01,AZUAY,0103,GUALACEO,010358,ZHIDMAD,rural,True
35,01,AZUAY,0103,GUALACEO,010359,LUIS CORDERO VEGA,rural,True
36,01,AZUAY,0103,GUALACEO,010360,SIMÓN BOLÍVAR,rural,True
37,01,AZUAY,0104,NABÓN,010450,NABÓN,cabecera_cantonal,True
38,01,AZUAY,0104,NABÓN,010451,COCHAPATA,rural,True
39,01,AZUAY,0104,NABÓN,010452,EL PROGRESO,rural,True
40,01,AZUAY,0104,NABÓN,010453,LAS NIEVES,rural,True
41,01,AZUAY,0105,PAUTE,010550,PAUTE,cabecera_cantonal,True
42,01,AZUAY,0105,PAUTE,010552,BULÁN,rural,True
43,01,AZUAY,0105,PAUTE,010553,CHICÁN,rural,True
44,01,AZUAY,0105,PAUTE,010554,EL CABO,rural,True
45,01,AZUAY,0105,PAUTE,010556,GUARAINAG,rural,True
46,01,AZUAY,0105,PAUTE,010559,SAN CRISTÓBAL,rural,True
47,01,AZUAY,0105,PAUTE,010561,TOMEBAMBA,rural,True
48,01,AZUAY,0105,PAUTE,010562,DUG DUG,rural,True
49,01,AZUAY,0106,PUCARÁ,010650,PUCARÁ,cabecera_cantonal,True
50,01,AZUAY,0106,PUCARÁ,010652,SAN RAFAEL DE SHARUG,rural,True
51,01,AZUAY,0107,SAN FERNANDO,010750,SAN FERNANDO,cabecera_cantonal,True
52,01,AZUAY,0107,SAN FERNANDO,010751,CHUMBLÍN,rural,True
53,01,AZUAY,0108,SANTA ISABEL,010850,SANTA ISABEL,cabecera_cantonal,True
54,01,AZUAY,0108,SANTA ISABEL,010851,ABDÓN CALDERÓN,rural,True
55,01,AZUAY,0108,SANTA ISABEL,010852,EL CARMEN DE PIJILÍ,rural,True
56,01,AZUAY,0108,SANTA ISABEL,010853,SHAGLLI,rural,True
57,01,AZUAY,0108,SANTA ISABEL,010854,SAN SALVADOR DE CAÑARIBAMBA,rural,True
58,01,AZUAY,0109,SÍGSIG,010950,SÍGSIG,cabecera_cantonal,True
59,01,AZUAY,0109,SÍGSIG,010951,CUCHIL,rural,True
60,01,AZUAY,0109,SÍGSIG,010952,JIMA,rural,True
61,01,AZUAY,0109,SÍGSIG,010953,GÜEL,rural,True
62,01,AZUAY,0109,SÍGSIG,010954,LUDO,rural,True
63,01,AZUAY,0109,SÍGSIG,010955,SAN BARTOLOMÉ,rural,True
64,01,AZUAY,0109,SÍGSIG,010956,SAN JOSÉ DE RARANGA,rural,True
65,01,AZUAY,0110,OÑA,011050,SAN FELIPE DE OÑA,cabecera_cantonal,True
66,01,AZUAY,0110,OÑA,011051,SUSUDEL,rural,True
67,01,AZUAY,0111,CHORDELEG,011150,CHORDELEG,cabecera_cantonal,True
68,01,AZUAY,0111,CHORDELEG,011151,PRINCIPAL,rural,True
69,01,AZUAY,0111,CHORDELEG,011152,LA UNIÓN,rural,True
70,01,AZUAY,0111,CHORDELEG,011153,LUIS GALARZA ORELLANA,rural,True
71,01,AZUAY,0111,CHORDELEG,011154,SAN MARTÍN DE PUZHIO,rural,True
72,01,AZUAY,0112,EL PAN,011250,EL PAN,cabecera_cantonal,True
73,01,AZUAY,0112,EL PAN,011253,SAN VICENTE,rural,True
74,01,AZUAY,0113,SEVILLA DE ORO,011350,SEVILLA DE ORO,cabecera_cantonal,True
75,01,AZUAY,0113,SEVILLA DE ORO,011351,AMALUZA,rural,True
76,01,AZUAY,0113,SEVILLA DE ORO,011352,PALMAS,rural,True
77,01,AZUAY,0114,GUACHAPALA,011450,GUACHAPALA,cabecera_cantonal,True
78,01,AZUAY,0115,CAMILO PONCE ENRÍQUEZ,011550,CAMILO PONCE ENRÍQUEZ,cabecera_cantonal,True
79,02,BOLÍVAR,0201,GUARANDA,020150,GUARANDA,cabecera_cantonal,True
80,02,BOLÍVAR,0201,GUARANDA,020151,FACUNDO VELA,rural,True
81,02,BOLÍVAR,0201,GUARANDA,020153,JULIO E. MORENO,rural,True
82,02,BOLÍVAR,0201,GUARANDA,020155,SALINAS,rural,True
83,02,BOLÍVAR,0201,GUARANDA,020156,SAN LORENZO,rural,True
84,02,BOLÍVAR,0201,GUARANDA,020157,SAN SIMÓN,rural,True
85,02,BOLÍVAR,0201,GUARANDA,020158,SANTA FE,rural,True
86,02,BOLÍVAR,0201,GUARANDA,020159,SIMIÁTUG,rural,True
87,02,BOLÍVAR,0201,GUARANDA,020160,SAN LUIS DE PAMBIL,rural,True
88,02,BOLÍVAR,0202,CHILLANES,020250,CHILLANES,cabecera_cantonal,True
89,02,BOLÍVAR,0202,CHILLANES,020251,SAN JOSÉ DEL TAMBO,rural,True
90,02,BOLÍVAR,0203,CHIMBO,020350,SAN JOSÉ DE CHIMBO,cabecera_cantonal,True
91,02,BOLÍVAR,0203,CHIMBO,020351,ASUNCIÓN,rural,True
92,02,BOLÍVAR,0203,CHIMBO,020353,LA MAGDALENA,rural,True
93,02,BOLÍVAR,0203,CHIMBO,020354,SAN SEBASTIÁN,rural,True
94,02,BOLÍVAR,0203,CHIMBO,020355,TELIMBELA,rural,True
95,02,BOLÍVAR,0204,ECHEANDÍA,020450,ECHEANDÍA,cabecera_cantonal,True
96,02,BOLÍVAR,0205,SAN MIGUEL,020550,SAN MIGUEL,cabecera_cantonal,True
97,02,BOLÍVAR,0205,SAN MIGUEL,020551,BALSAPAMBA,rural,True
98,02,BOLÍVAR,0205,SAN MIGUEL,020552,BILOVÁN,rural,True
99,02,BOLÍVAR,0205,SAN MIGUEL,020553,RÉGULO DE MORA,rural,True
100,02,BOLÍVAR,0205,SAN MIGUEL,020554,SAN PABLO,rural,True
101,02,BOLÍVAR,0205,SAN MIGUEL,020555,SANTIAGO,rural,True
102,02,BOLÍVAR,0205,SAN MIGUEL,020556,SAN VICENTE,rural,True
103,02,BOLÍVAR,0206,CALUMA,020650,CALUMA,cabecera_cantonal,True
104,02,BOLÍVAR,0207,LAS NAVES,020750,LAS NAVES,cabecera_cantonal,True
105,03,CAÑAR,0301,AZOGUES,030150,AZOGUES,cabecera_cantonal,True
106,03,CAÑAR,0301,AZOGUES,030151,COJITAMBO,rural,True
107,03,CAÑAR,0301,AZOGUES,030153,GUAPÁN,rural,True
108,03,CAÑAR,0301,AZOGUES,030154,JAVIER LOYOLA,rural,True
109,03,CAÑAR,0301,AZOGUES,030155,LUIS CORDERO,rural,True
110,03,CAÑAR,0301,AZOGUES,030156,PINDILIG,rural,True
111,03,CAÑAR,0301,AZOGUES,030157,RIVERA,rural,True
112,03,CAÑAR,0301,AZOGUES,030158,SAN MIGUEL,rural,True
113,03,CAÑAR,0301,AZOGUES,030160,TADAY,rural,True
114,03,CAÑAR,0302,BIBLIÁN,030250,BIBLIÁN,cabecera_cantonal,True
115,03,CAÑAR,0302,BIBLIÁN,030251,NAZÓN,rural,True
116,03,CAÑAR,0302,BIBLIÁN,030252,SAN FRANCISCO DE SAGEO,rural,True
117,03,CAÑAR,0302,BIBLIÁN,030253,TURUPAMBA,rural,True
118,03,CAÑAR,0302,BIBLIÁN,030254,JERUSALÉN,rural,True
119,03,CAÑAR,0303,CAÑAR,030350,CAÑAR,cabecera_cantonal,True
120,03,CAÑAR,0303,CAÑAR,030351,CHONTAMARCA,rural,True
121,03,CAÑAR,0303,CAÑAR,030352,CHOROCOPTE,rural,True
122,03,CAÑAR,0303,CAÑAR,030353,GENERAL MORALES,rural,True
123,03,CAÑAR,0303,CAÑAR,030354,GUALLETURO,rural,True
124,03,CAÑAR,0303,CAÑAR,030355,HONORATO VÁSQUEZ,rural,True
125,03,CAÑAR,0303,CAÑAR,030356,INGAPIRCA,rural,True
126,03,CAÑAR,0303,CAÑAR,030357,JUNCAL,rural,True
127,03,CAÑAR,0303,CAÑAR,030358,SAN ANTONIO,rural,True
128,03,CAÑAR,0303,CAÑAR,030361,ZHUD,rural,True
129,03,CAÑAR,0303,CAÑAR,030362,VENTURA,rural,True
130,03,CAÑAR,0303,CAÑAR,030363,DUCUR,rural,True
131,03,CAÑAR,0304,LA TRONCAL,030450,LA TRONCAL,cabecera_cantonal,True
132,03,CAÑAR,0304,LA TRONCAL,030451,MANUEL J. CALLE,rural,True
133,03,CAÑAR,0304,LA TRONCAL,030452,PANCHO NEGRO,rural,True
134,03,CAÑAR,0305,EL TAMBO,030550,EL TAMBO,cabecera_cantonal,True
135,03,CAÑAR,0306,DÉLEG,030650,DÉLEG,cabecera_cantonal,True
136,03,CAÑAR,0306,DÉLEG,030651,SOLANO,rural,True
137,03,CAÑAR,0307,SUSCAL,030750,SUSCAL,cabecera_cantonal,True
138,04,CARCHI,0401,TULCÁN,040150,TULCÁN,cabecera_cantonal,True
139,04,CARCHI,0401,TULCÁN,040151,EL CARMELO,rural,True
140,04,CARCHI,0401,TULCÁN,040153,JULIO ANDRADE,rural,True
141,04,CARCHI,0401,TULCÁN,040154,MALDONADO,rural,True
142,04,CARCHI,0401,TULCÁN,040155,PIOTER,rural,True
143,04,CARCHI,0401,TULCÁN,040156,TOBAR DONOSO,rural,True
144,04,CARCHI,0401,TULCÁN,040157,TUFIÑO,rural,True
145,04,CARCHI,0401,TULCÁN,040158,URBINA,rural,True
146,04,CARCHI,0401,TULCÁN,040159,EL CHICAL,rural,True
147,04,CARCHI,0401,TULCÁN,040161,SANTA MARTHA DE CUBA,rural,True
148,04,CARCHI,0402,BOLÍVAR,040250,BOLÍVAR,cabecera_cantonal,True
149,04,CARCHI,0402,BOLÍVAR,040251,GARCÍA MORENO,rural,True
150,04,CARCHI,0402,BOLÍVAR,040252,LOS ANDES,rural,True
151,04,CARCHI,0402,BOLÍVAR,040253,MONTE OLIVO,rural,True
152,04,CARCHI,0402,BOLÍVAR,040254,SAN VICENTE DE PUSIR,rural,True
153,04,CARCHI,0402,BOLÍVAR,040255,SAN RAFAEL,rural,True
154,04,CARCHI,0403,ESPEJO,040350,EL ÁNGEL,cabecera_cantonal,True
155,04,CARCHI,0403,ESPEJO,040351,EL GOALTAL,rural,True
156,04,CARCHI,0403,ESPEJO,040352,LA LIBERTAD,rural,True
157,04,CARCHI,0403,ESPEJO,040353,SAN ISIDRO,rural,True
158,04,CARCHI,0404,MIRA,040450,MIRA,cabecera_cantonal,True
159,04,CARCHI,0404,MIRA,040451,CONCEPCIÓN,rural,True
160,04,CARCHI,0404,MIRA,040452,JIJÓN Y CAAMAÑO,rural,True
161,04,CARCHI,0404,MIRA,040453,JUAN MONTALVO,rural,True
162,04,CARCHI,0405,MONTÚFAR,040550,SAN GABRIEL,cabecera_cantonal,True
163,04,CARCHI,0405,MONTÚFAR,040551,CRISTÓBAL COLÓN,rural,True
164,04,CARCHI,0405,MONTÚFAR,040552,CHITÁN DE NAVARRETE,rural,True
165,04,CARCHI,0405,MONTÚFAR,040553,FERNÁNDEZ SALVADOR,rural,True
166,04,CARCHI,0405,MONTÚFAR,040554,LA PAZ,rural,True
167,04,CARCHI,0405,MONTÚFAR,040555,PIARTAL,rural,True
168,04,CARCHI,0406,SAN PEDRO DE HUACA,040650,HUACA,cabecera_cantonal,True
169,04,CARCHI,0406,SAN PEDRO DE HUACA,040651,MARISCAL SUCRE,rural,True
170,05,COTOPAXI,0501,LATACUNGA,050150,LATACUNGA,cabecera_cantonal,True
171,05,COTOPAXI,0501,LATACUNGA,050151,ALÁQUEZ,rural,True
172,05,COTOPAXI,0501,LATACUNGA,050152,BELISARIO QUEVEDO,rural,True
173,05,COTOPAXI,0501,LATACUNGA,050153,GUAYTACAMA,rural,True
174,05,COTOPAXI,0501,LATACUNGA,050154,JOSEGUANGO BAJO,rural,True
175,05,COTOPAXI,0501,LATACUNGA,050156,MULALÓ,rural,True
176,05,COTOPAXI,0501,LATACUNGA,050157,ONCE DE NOVIEMBRE,rural,True
177,05,COTOPAXI,0501,LATACUNGA,050158,POALÓ,rural,True
178,05,COTOPAXI,0501,LATACUNGA,050159,SAN JUAN DE PASTOCALLE,rural,True
179,05,COTOPAXI,0501,LATACUNGA,050161,TANICUCHÍ,rural,True
180,05,COTOPAXI,0501,LATACUNGA,050162,TOACASO,rural,True
181,05,COTOPAXI,0502,LA MANÁ,050250,LA MANÁ,cabecera_cantonal,True
182,05,COTOPAXI,0502,LA MANÁ,050251,GUASAGANDA,rural,True
183,05,COTOPAXI,0502,LA MANÁ,050252,PUCAYACU,rural,True
184,05,COTOPAXI,0503,PANGUA,050350,EL CORAZÓN,cabecera_cantonal,True
185,05,COTOPAXI,0503,PANGUA,050351,MORASPUNGO,rural,True
186,05,COTOPAXI,0503,PANGUA,050352,PINLLOPATA,rural,True
187,05,COTOPAXI,0503,PANGUA,050353,RAMÓN CAMPAÑA,rural,True
188,05,COTOPAXI,0504,PUJILÍ,050450,PUJILÍ,cabecera_cantonal,True
189,05,COTOPAXI,0504,PUJILÍ,050451,ANGAMARCA,rural,True
190,05,COTOPAXI,0504,PUJILÍ,050453,GUANGAJE,rural,True
191,05,COTOPAXI,0504,PUJILÍ,050455,LA VICTORIA,rural,True
192,05,COTOPAXI,0504,PUJILÍ,050456,PILALÓ,rural,True
193,05,COTOPAXI,0504,PUJILÍ,050457,TINGO,rural,True
194,05,COTOPAXI,0504,PUJILÍ,050458,ZUMBAHUA,rural,True
195,05,COTOPAXI,0505,SALCEDO,050550,SAN MIGUEL,cabecera_cantonal,True
196,05,COTOPAXI,0505,SALCEDO,050551,ANTONIO JOSÉ HOLGUÍN,rural,True
197,05,COTOPAXI,0505,SALCEDO,050552,CUSUBAMBA,rural,True
198,05,COTOPAXI,0505,SALCEDO,050553,MULALILLO,rural,True
199,05,COTOPAXI,0505,SALCEDO,050554,MULLIQUINDIL,rural,True
200,05,COTOPAXI,0505,SALCEDO,050555,PANSALEO,rural,True
201,05,COTOPAXI,0506,SAQUISILÍ,050650,SAQUISILÍ,cabecera_cantonal,True
202,05,COTOPAXI,0506,SAQUISILÍ,050651,CANCHAGUA,rural,True
203,05,COTOPAXI,0506,SAQUISILÍ,050652,CHANTILÍN,rural,True
204,05,COTOPAXI,0506,SAQUISILÍ,050653,COCHAPAMBA,rural,True
205,05,COTOPAXI,0507,SIGCHOS,050750,SIGCHOS,cabecera_cantonal,True
206,05,COTOPAXI,0507,SIGCHOS,050751,CHUGCHILLÁN,rural,True
207,05,COTOPAXI,0507,SIGCHOS,050752,ISINLIVI,rural,True
208,05,COTOPAXI,0507,SIGCHOS,050753,LAS PAMPAS,rural,True
209,05,COTOPAXI,0507,SIGCHOS,050754,PALO QUEMADO,rural,True
210,06,CHIMBORAZO,0601,RIOBAMBA,060150,RIOBAMBA,cabecera_cantonal,True
211,06,CHIMBORAZO,0601,RIOBAMBA,060151,CACHA,rural,True
212,06,CHIMBORAZO,0601,RIOBAMBA,060152,CALPI,rural,True
213,06,CHIMBORAZO,0601,RIOBAMBA,060153,CUBIJÍES,rural,True
214,06,CHIMBORAZO,0601,RIOBAMBA,060154,FLORES,rural,True
215,06,CHIMBORAZO,0601,RIOBAMBA,060155,LICÁN,rural,True
216,06,CHIMBORAZO,0601,RIOBAMBA,060156,LICTO,rural,True
217,06,CHIMBORAZO,0601,RIOBAMBA,060157,PUNGALÁ,rural,True
218,06,CHIMBORAZO,0601,RIOBAMBA,060158,PUNÍN,rural,True
219,06,CHIMBORAZO,0601,RIOBAMBA,060159,QUIMIAG,rural,True
220,06,CHIMBORAZO,0601,RIOBAMBA,060160,SAN JUAN,rural,True
221,06,CHIMBORAZO,0601,RIOBAMBA,060161,SAN LUIS,rural,True
222,06,CHIMBORAZO,0602,ALAUSÍ,060250,ALAUSÍ,cabecera_cantonal,True
223,06,CHIMBORAZO,0602,ALAUSÍ,060251,ACHUPALLAS,rural,True
224,06,CHIMBORAZO,0602,ALAUSÍ,060253,GUASUNTOS,rural,True
225,06,CHIMBORAZO,0602,ALAUSÍ,060254,HUIGRA,rural,True
226,06,CHIMBORAZO,0602,ALAUSÍ,060255,MULTITUD,rural,True
227,06,CHIMBORAZO,0602,ALAUSÍ,060256,PISTISHI,rural,True
228,06,CHIMBORAZO,0602,ALAUSÍ,060257,PUMALLACTA,rural,True
229,06,CHIMBORAZO,0602,ALAUSÍ,060258,SEVILLA,rural,True
230,06,CHIMBORAZO,0602,ALAUSÍ,060259,SIBAMBE,rural,True
231,06,CHIMBORAZO,0602,ALAUSÍ,060260,TIXÁN,rural,True
232,06,CHIMBORAZO,0603,COLTA,060350,VILLA LA UNIÓN,cabecera_cantonal,True
233,06,CHIMBORAZO,0603,COLTA,060351,CAÑI,rural,True
234,06,CHIMBORAZO,0603,COLTA,060352,COLUMBE,rural,True
235,06,CHIMBORAZO,0603,COLTA,060353,JUAN DE VELASCO,rural,True
236,06,CHIMBORAZO,0603,COLTA,060354,SANTIAGO DE QUITO,rural,True
237,06,CHIMBORAZO,0604,CHAMBO,060450,CHAMBO,cabecera_cantonal,True
238,06,CHIMBORAZO,0605,CHUNCHI,060550,CHUNCHI,cabecera_cantonal,True
239,06,CHIMBORAZO,0605,CHUNCHI,060551,CAPZOL,rural,True
240,06,CHIMBORAZO,0605,CHUNCHI,060552,COMPUD,rural,True
241,06,CHIMBORAZO,0605,CHUNCHI,060553,GONZOL,rural,True
242,06,CHIMBORAZO,0605,CHUNCHI,060554,LLAGOS,rural,True
243,06,CHIMBORAZO,0606,GUAMOTE,060650,GUAMOTE,cabecera_cantonal,True
244,06,CHIMBORAZO,0606,GUAMOTE,060651,CEBADAS,rural,True
245,06,CHIMBORAZO,0606,GUAMOTE,060652,PALMIRA,rural,True
246,06,CHIMBORAZO,0607,GUANO,060750,GUANO,cabecera_cantonal,True
247,06,CHIMBORAZO,0607,GUANO,060751,GUANANDO,rural,True
248,06,CHIMBORAZO,0607,GUANO,060752,ILAPO,rural,True
249,06,CHIMBORAZO,0607,GUANO,060753,LA PROVIDENCIA,rural,True
250,06,CHIMBORAZO,0607,GUANO,060754,SAN ANDRÉS,rural,True
251,06,CHIMBORAZO,0607,GUANO,060755,SAN GERARDO,rural,True
252,06,CHIMBORAZO,0607,GUANO,060756,SAN ISIDRO DE PATULÚ,rural,True
253,06,CHIMBORAZO,0607,GUANO,060757,SAN JOSÉ DEL CHAZO,rural,True
254,06,CHIMBORAZO,0607,GUANO,060758,SANTA FÉ DE GALÁN,rural,True
255,06,CHIMBORAZO,0607,GUANO,060759,VALPARAISO,rural,True
256,06,CHIMBORAZO,0608,PALLATANGA,060850,PALLATANGA,cabecera_cantonal,True
257,06,CHIMBORAZO,0609,PENIPE,060950,PENIPE,cabecera_cantonal,True
258,06,CHIMBORAZO,0609,PENIPE,060951,EL ALTAR,rural,True
259,06,CHIMBORAZO,0609,PENIPE,060952,MATUS,rural,True
260,06,CHIMBORAZO,0609,PENIPE,060953,PUELA,rural,True
261,06,CHIMBORAZO,0609,PENIPE,060954,SAN ANTONIO DE BAYUSHIG,rural,True
262,06,CHIMBORAZO,0609,PENIPE,060955,LA CANDELARIA,rural,True
263,06,CHIMBORAZO,0609,PENIPE,060956,BILBAO,rural,True
264,06,CHIMBORAZO,0610,CUMANDÁ,061050,CUMANDÁ,cabecera_cantonal,True
265,07,EL ORO,0701,MACHALA,070150,MACHALA,cabecera_cantonal,True
266,07,EL ORO,0701,MACHALA,070152,EL RETIRO,rural,True
267,07,EL ORO,0702,ARENILLAS,070250,ARENILLAS,cabecera_cantonal,True
268,07,EL ORO,0702,ARENILLAS,070251,CHACRAS,rural,True
269,07,EL ORO,0702,ARENILLAS,070254,PALMALES,rural,True
270,07,EL ORO,0702,ARENILLAS,070255,CARCABÓN,rural,True
271,07,EL ORO,0702,ARENILLAS,070256,LA CUCA,rural,True
272,07,EL ORO,0703,ATAHUALPA,070350,PACCHA,cabecera_cantonal,True
273,07,EL ORO,0703,ATAHUALPA,070351,AYAPAMBA,rural,True
274,07,EL ORO,0703,ATAHUALPA,070352,CORDONCILLO,rural,True
275,07,EL ORO,0703,ATAHUALPA,070353,MILAGRO,rural,True
276,07,EL ORO,0703,ATAHUALPA,070354,SAN JOSÉ,rural,True
277,07,EL ORO,0703,ATAHUALPA,070355,SAN JUAN DE CERRO AZUL,rural,True
278,07,EL ORO,0704,BALSAS,070450,BALSAS,cabecera_cantonal,True
279,07,EL ORO,0704,BALSAS,070451,BELLAMARÍA,rural,True
280,07,EL ORO,0705,CHILLA,070550,CHILLA,cabecera_cantonal,True
281,07,EL ORO,0706,EL GUABO,070650,EL GUABO,cabecera_cantonal,True
282,07,EL ORO,0706,EL GUABO,070651,BARBONES,rural,True
283,07,EL ORO,0706,EL GUABO,070652,LA IBERIA,rural,True
284,07,EL ORO,0706,EL GUABO,070653,TENDALES,rural,True
285,07,EL ORO,0706,EL GUABO,070654,RÍO BONITO,rural,True
286,07,EL ORO,0707,HUAQUILLAS,070750,HUAQUILLAS,cabecera_cantonal,True
287,07,EL ORO,0708,MARCABELÍ,070850,MARCABELÍ,cabecera_cantonal,True
288,07,EL ORO,0708,MARCABELÍ,070851,EL INGENIO,rural,True
289,07,EL ORO,0709,PASAJE,070950,PASAJE,cabecera_cantonal,True
290,07,EL ORO,0709,PASAJE,070951,BUENAVISTA,rural,True
291,07,EL ORO,0709,PASAJE,070952,CASACAY,rural,True
292,07,EL ORO,0709,PASAJE,070953,LA PEAÑA,rural,True
293,07,EL ORO,0709,PASAJE,070954,PROGRESO,rural,True
294,07,EL ORO,0709,PASAJE,070955,UZHCURRUMI,rural,True
295,07,EL ORO,0709,PASAJE,070956,CAÑAQUEMADA,rural,True
296,07,EL ORO,0710,PIÑAS,071050,PIÑAS,cabecera_cantonal,True
297,07,EL ORO,0710,PIÑAS,071051,CAPIRO,rural,True
298,07,EL ORO,0710,PIÑAS,071052,LA BOCANA,rural,True
299,07,EL ORO,0710,PIÑAS,071053,MOROMORO,rural,True
300,07,EL ORO,0710,PIÑAS,071054,PIEDRAS,rural,True
301,07,EL ORO,0710,PIÑAS,071055,SAN ROQUE,rural,True
302,07,EL ORO,0710,PIÑAS,071056,SARACAY,rural,True
303,07,EL ORO,0711,PORTOVELO,071150,PORTOVELO,cabecera_cantonal,True
304,07,EL ORO,0711,PORTOVELO,071151,CURTINCAPA,rural,True
305,07,EL ORO,0711,PORTOVELO,071152,MORALES,rural,True
306,07,EL ORO,0711,PORTOVELO,071153,SALATÍ,rural,True
307,07,EL ORO,0712,SANTA ROSA,071250,SANTA ROSA,cabecera_cantonal,True
308,07,EL ORO,0712,SANTA ROSA,071251,BELLAVISTA,rural,True
309,07,EL ORO,0712,SANTA ROSA,071252,JAMBELÍ,rural,True
310,07,EL ORO,0712,SANTA ROSA,071253,LA AVANZADA,rural,True
311,07,EL ORO,0712,SANTA ROSA,071254,SAN ANTONIO,rural,True
312,07,EL ORO,0712,SANTA ROSA,071255,TORATA,rural,True
313,07,EL ORO,0712,SANTA ROSA,071256,VICTORIA,rural,True
314,07,EL ORO,0712,SANTA ROSA,071257,BELLAMARÍA,rural,True
315,07,EL ORO,0713,ZARUMA,071350,ZARUMA,cabecera_cantonal,True
316,07,EL ORO,0713,ZARUMA,071351,ABAÑÍN,rural,True
317,07,EL ORO,0713,ZARUMA,071352,ARCAPAMBA,rural,True
318,07,EL ORO,0713,ZARUMA,071353,GUANAZÁN,rural,True
319,07,EL ORO,0713,ZARUMA,071354,GUIZHAGUIÑA,rural,True
320,07,EL ORO,0713,ZARUMA,071355,HUERTAS,rural,True
321,07,EL ORO,0713,ZARUMA,071356,MALVAS,rural,True
322,07,EL ORO,0713,ZARUMA,071357,MULUNCAY GRANDE,rural,True
323,07,EL ORO,0713,ZARUMA,071358,SINSAO,rural,True
324,07,EL ORO,0713,ZARUMA,071359,SALVIAS,rural,True
325,07,EL ORO,0714,LAS LAJAS,071450,LA VICTORIA,cabecera_cantonal,True
326,07,EL ORO,0714,LAS LAJAS,071451,LA LIBERTAD,rural,True
327,07,EL ORO,0714,LAS LAJAS,071452,EL PARAÍSO,rural,True
328,07,EL ORO,0714,LAS LAJAS,071453,SAN ISIDRO,rural,True
329,08,ESMERALDAS,0801,ESMERALDAS,080150,ESMERALDAS,cabecera_cantonal,True
330,08,ESMERALDAS,0801,ESMERALDAS,080152,CAMARONES,rural,True
331,08,ESMERALDAS,0801,ESMERALDAS,080153,CORONEL CARLOS CONCHA TORRES,rural,True
332,08,ESMERALDAS,0801,ESMERALDAS,080154,CHINCA,rural,True
333,08,ESMERALDAS,0801,ESMERALDAS,080159,MAJUA,rural,True
334,08,ESMERALDAS,0801,ESMERALDAS,080163,SAN MATEO,rural,True
335,08,ESMERALDAS,0801,ESMERALDAS,080165,TABIAZO,rural,True
336,08,ESMERALDAS,0801,ESMERALDAS,080166,TACHINA,rural,True
337,08,ESMERALDAS,0801,ESMERALDAS,080168,VUELTA LARGA,rural,True
338,08,ESMERALDAS,0802,ELOY ALFARO,080250,VALDEZ,cabecera_cantonal,True
339,08,ESMERALDAS,0802,ELOY ALFARO,080251,ANCHAYACU,rural,True
340,08,ESMERALDAS,0802,ELOY ALFARO,080252,ATAHUALPA,rural,True
341,08,ESMERALDAS,0802,ELOY ALFARO,080253,BORBÓN,rural,True
342,08,ESMERALDAS,0802,ELOY ALFARO,080254,LA TOLA,rural,True
343,08,ESMERALDAS,0802,ELOY ALFARO,080255,LUIS VARGAS TORRES,rural,True
344,08,ESMERALDAS,0802,ELOY ALFARO,080256,MALDONADO,rural,True
345,08,ESMERALDAS,0802,ELOY ALFARO,080257,PAMPANAL DE BOLÍVAR,rural,True
346,08,ESMERALDAS,0802,ELOY ALFARO,080258,SAN FRANCISCO DE ONZOLE,rural,True
347,08,ESMERALDAS,0802,ELOY ALFARO,080259,SANTO DOMINGO DE ONZOLE,rural,True
348,08,ESMERALDAS,0802,ELOY ALFARO,080260,SELVA ALEGRE,rural,True
349,08,ESMERALDAS,0802,ELOY ALFARO,080261,TELEMBÍ,rural,True
350,08,ESMERALDAS,0802,ELOY ALFARO,080262,COLÓN ELOY DEL MARÍA,rural,True
351,08,ESMERALDAS,0802,ELOY ALFARO,080263,SAN JOSÉ DE CAYAPAS,rural,True
352,08,ESMERALDAS,0802,ELOY ALFARO,080264,TIMBIRÉ,rural,True
353,08,ESMERALDAS,0802,ELOY ALFARO,080265,SANTA LUCÍA DE LAS PEÑAS,rural,True
354,08,ESMERALDAS,0803,MUISNE,080350,MUISNE,cabecera_cantonal,True
355,08,ESMERALDAS,0803,MUISNE,080351,BOLÍVAR,rural,True
356,08,ESMERALDAS,0803,MUISNE,080352,DAULE,rural,True
357,08,ESMERALDAS,0803,MUISNE,080353,GALERA,rural,True
358,08,ESMERALDAS,0803,MUISNE,080354,QUINGUE,rural,True
359,08,ESMERALDAS,0803,MUISNE,080355,SÁLIMA,rural,True
360,08,ESMERALDAS,0803,MUISNE,080356,SAN FRANCISCO,rural,True
361,08,ESMERALDAS,0803,MUISNE,080357,SAN GREGORIO,rural,True
362,08,ESMERALDAS,0803,MUISNE,080358,SAN JOSÉ DE CHAMANGA,rural,True
363,08,ESMERALDAS,0804,QUININDÉ,080450,ROSA ZÁRATE,cabecera_cantonal,True
364,08,ESMERALDAS,0804,QUININDÉ,080451,CUBE,rural,True
365,08,ESMERALDAS,0804,QUININDÉ,080452,CHURA,rural,True
366,08,ESMERALDAS,0804,QUININDÉ,080453,MALIMPIA,rural,True
367,08,ESMERALDAS,0804,QUININDÉ,080454,VICHE,rural,True
368,08,ESMERALDAS,0804,QUININDÉ,080455,LA UNIÓN,rural,True
369,08,ESMERALDAS,0805,SAN LORENZO,080550,SAN LORENZO,cabecera_cantonal,True
370,08,ESMERALDAS,0805,SAN LORENZO,080551,ALTO TAMBO,rural,True
371,08,ESMERALDAS,0805,SAN LORENZO,080552,ANCÓN,rural,True
372,08,ESMERALDAS,0805,SAN LORENZO,080553,CALDERÓN,rural,True
373,08,ESMERALDAS,0805,SAN LORENZO,080554,CARONDELET,rural,True
374,08,ESMERALDAS,0805,SAN LORENZO,080555,5 DE JUNIO,rural,True
375,08,ESMERALDAS,0805,SAN LORENZO,080556,CONCEPCIÓN,rural,True
376,08,ESMERALDAS,0805,SAN LORENZO,080557,MATAJE,rural,True
377,08,ESMERALDAS,0805,SAN LORENZO,080558,SAN JAVIER DE CACHAVÍ,rural,True
378,08,ESMERALDAS,0805,SAN LORENZO,080559,SANTA RITA,rural,True
379,08,ESMERALDAS,0805,SAN LORENZO,080560,TAMBILLO,rural,True
380,08,ESMERALDAS,0805,SAN LORENZO,080561,TULULBÍ,rural,True
381,08,ESMERALDAS,0805,SAN LORENZO,080562,URBINA,rural,True
382,08,ESMERALDAS,0806,ATACAMES,080650,ATACAMES,cabecera_cantonal,True
383,08,ESMERALDAS,0806,ATACAMES,080651,LA UNIÓN,rural,True
384,08,ESMERALDAS,0806,ATACAMES,080652,SÚA,rural,True
385,08,ESMERALDAS,0806,ATACAMES,080653,TONCHIGÜE,rural,True
386,08,ESMERALDAS,0806,ATACAMES,080654,TONSUPA,rural,True
387,08,ESMERALDAS,0807,RIOVERDE,080750,RIOVERDE,cabecera_cantonal,True
388,08,ESMERALDAS,0807,RIOVERDE,080751,CHONTADURO,rural,True
389,08,ESMERALDAS,0807,RIOVERDE,080752,CHUMUNDÉ,rural,True
390,08,ESMERALDAS,0807,RIOVERDE,080753,LAGARTO,rural,True
391,08,ESMERALDAS,0807,RIOVERDE,080754,MONTALVO,rural,True
392,08,ESMERALDAS,0807,RIOVERDE,080755,ROCAFUERTE,rural,True
393,09,GUAYAS,0901,GUAYAQUIL,090150,GUAYAQUIL,cabecera_cantonal,True
394,09,GUAYAS,0901,GUAYAQUIL,090152,JUAN GÓMEZ RENDÓN,rural,True
395,09,GUAYAS,0901,GUAYAQUIL,090153,MORRO,rural,True
396,09,GUAYAS,0901,GUAYAQUIL,090156,POSORJA,rural,True
397,09,GUAYAS,0901,GUAYAQUIL,090157,PUNÁ,rural,True
398,09,GUAYAS,0901,GUAYAQUIL,090158,TENGUEL,rural,True
399,09,GUAYAS,0902,ALFREDO BAQUERIZO MORENO (JUJÁN),090250,ALFREDO BAQUERIZO MORENO (JUJÁN),cabecera_cantonal,True
400,09,GUAYAS,0903,BALAO,090350,BALAO,cabecera_cantonal,True
401,09,GUAYAS,0904,BALZAR,090450,BALZAR,cabecera_cantonal,True
402,09,GUAYAS,0905,COLIMES,090550,COLIMES,cabecera_cantonal,True
403,09,GUAYAS,0905,COLIMES,090551,SAN JACINTO,rural,True
404,09,GUAYAS,0906,DAULE,090650,DAULE,cabecera_cantonal,True
405,09,GUAYAS,0906,DAULE,090652,JUAN BAUTISTA AGUIRRE,rural,True
406,09,GUAYAS,0906,DAULE,090653,LAUREL,rural,True
407,09,GUAYAS,0906,DAULE,090654,LIMONAL,rural,True
408,09,GUAYAS,0906,DAULE,090656,LOS LOJAS,rural,True
409,09,GUAYAS,0907,DURÁN,090750,ELOY ALFARO,cabecera_cantonal,True
410,09,GUAYAS,0908,EL EMPALME,090850,VELASCO IBARRA,cabecera_cantonal,True
411,09,GUAYAS,0908,EL EMPALME,090851,GUAYAS,rural,True
412,09,GUAYAS,0908,EL EMPALME,090852,EL ROSARIO,rural,True
413,09,GUAYAS,0909,EL TRIUNFO,090950,EL TRIUNFO,cabecera_cantonal,True
414,09,GUAYAS,0910,MILAGRO,091050,MILAGRO,cabecera_cantonal,True
415,09,GUAYAS,0910,MILAGRO,091051,CHOBO,rural,True
416,09,GUAYAS,0910,MILAGRO,091053,MARISCAL SUCRE,rural,True
417,09,GUAYAS,0910,MILAGRO,091054,ROBERTO ASTUDILLO,rural,True
418,09,GUAYAS,0911,NARANJAL,091150,NARANJAL,cabecera_cantonal,True
419,09,GUAYAS,0911,NARANJAL,091151,JESÚS MARÍA,rural,True
420,09,GUAYAS,0911,NARANJAL,091152,SAN CARLOS,rural,True
421,09,GUAYAS,0911,NARANJAL,091153,SANTA ROSA DE FLANDES,rural,True
422,09,GUAYAS,0911,NARANJAL,091154,TAURA,rural,True
423,09,GUAYAS,0912,NARANJITO,091250,NARANJITO,cabecera_cantonal,True
424,09,GUAYAS,0913,PALESTINA,091350,PALESTINA,cabecera_cantonal,True
425,09,GUAYAS,0914,PEDRO CARBO,091450,PEDRO CARBO,cabecera_cantonal,True
426,09,GUAYAS,0914,PEDRO CARBO,091451,VALLE DE LA VIRGEN,rural,True
427,09,GUAYAS,0914,PEDRO CARBO,091452,SABANILLA,rural,True
428,09,GUAYAS,0916,SAMBORONDÓN,091650,SAMBORONDÓN,cabecera_cantonal,True
429,09,GUAYAS,0916,SAMBORONDÓN,091651,TARIFA,rural,True
430,09,GUAYAS,0918,SANTA LUCÍA,091850,SANTA LUCÍA,cabecera_cantonal,True
431,09,GUAYAS,0919,SALITRE,091950,EL SALITRE,cabecera_cantonal,True
432,09,GUAYAS,0919,SALITRE,091951,GENERAL VERNAZA,rural,True
433,09,GUAYAS,0919,SALITRE,091952,LA VICTORIA,rural,True
434,09,GUAYAS,0919,SALITRE,091953,JUNQUILLAL,rural,True
435,09,GUAYAS,0920,SAN JACINTO DE YAGUACHI,092050,SAN JACINTO DE YAGUACHI,cabecera_cantonal,True
436,09,GUAYAS,0920,SAN JACINTO DE YAGUACHI,092053,GENERAL PEDRO J. MONTERO,rural,True
437,09,GUAYAS,0920,SAN JACINTO DE YAGUACHI,092055,YAGUACHI VIEJO,rural,True
438,09,GUAYAS,0920,SAN JACINTO DE YAGUACHI,092056,VIRGEN DE FÁTIMA,rural,True
439,09,GUAYAS,0921,PLAYAS,092150,GENERAL VILLAMIL,cabecera_cantonal,True
440,09,GUAYAS,0922,SIMÓN BOLÍVAR,092250,SIMÓN BOLÍVAR,cabecera_cantonal,True
441,09,GUAYAS,0922,SIMÓN BOLÍVAR,092251,CORONEL LORENZO DE GARAYCOA,rural,True
442,09,GUAYAS,0923,CORONEL MARCELINO MARIDUEÑA,092350,CORONEL MARCELINO MARIDUEÑA,cabecera_cantonal,True
443,09,GUAYAS,0924,LOMAS DE SARGENTILLO,092450,LOMAS DE SARGENTILLO,cabecera_cantonal,True
444,09,GUAYAS,0925,NOBOL,092550,NARCISA DE JESÚS,cabecera_cantonal,True
445,09,GUAYAS,0927,GENERAL ANTONIO ELIZALDE,092750,GENERAL ANTONIO ELIZALDE,cabecera_cantonal,True
446,09,GUAYAS,0928,ISIDRO AYORA,092850,ISIDRO AYORA,cabecera_cantonal,True
447,10,IMBABURA,1001,IBARRA,100150,SAN MIGUEL DE IBARRA,cabecera_cantonal,True
448,10,IMBABURA,1001,IBARRA,100151,AMBUQUÍ,rural,True
449,10,IMBABURA,1001,IBARRA,100152,ANGOCHAGUA,rural,True
450,10,IMBABURA,1001,IBARRA,100153,LA CAROLINA,rural,True
451,10,IMBABURA,1001,IBARRA,100154,LA ESPERANZA,rural,True
452,10,IMBABURA,1001,IBARRA,100155,LITA,rural,True
453,10,IMBABURA,1001,IBARRA,100156,SALINAS,rural,True
454,10,IMBABURA,1001,IBARRA,100157,SAN ANTONIO,rural,True
455,10,IMBABURA,1002,ANTONIO ANTE,100250,ATUNTAQUI,cabecera_cantonal,True
456,10,IMBABURA,1002,ANTONIO ANTE,100251,IMBAYA,rural,True
457,10,IMBABURA,1002,ANTONIO ANTE,100252,SAN FRANCISCO DE NATABUELA,rural,True
458,10,IMBABURA,1002,ANTONIO ANTE,100253,SAN JOSÉ DE CHALTURA,rural,True
459,10,IMBABURA,1002,ANTONIO ANTE,100254,SAN ROQUE,rural,True
460,10,IMBABURA,1003,COTACACHI,100350,COTACACHI,cabecera_cantonal,True
461,10,IMBABURA,1003,COTACACHI,100351,APUELA,rural,True
462,10,IMBABURA,1003,COTACACHI,100352,GARCÍA MORENO,rural,True
463,10,IMBABURA,1003,COTACACHI,100353,IMANTAG,rural,True
464,10,IMBABURA,1003,COTACACHI,100354,PEÑAHERRERA,rural,True
465,10,IMBABURA,1003,COTACACHI,100355,PLAZA GUTIÉRREZ,rural,True
466,10,IMBABURA,1003,COTACACHI,100356,QUIROGA,rural,True
467,10,IMBABURA,1003,COTACACHI,100357,SEIS DE JULIO DE CUELLAJE,rural,True
468,10,IMBABURA,1003,COTACACHI,100358,VACAS GALINDO,rural,True
469,10,IMBABURA,1004,OTAVALO,100450,OTAVALO,cabecera_cantonal,True
470,10,IMBABURA,1004,OTAVALO,100451,DR. MIGUEL EGAS CABEZAS,rural,True
471,10,IMBABURA,1004,OTAVALO,100452,EUGENIO ESPEJO,rural,True
472,10,IMBABURA,1004,OTAVALO,100453,GONZÁLEZ SUÁREZ,rural,True
473,10,IMBABURA,1004,OTAVALO,100454,PATAQUÍ,rural,True
474,10,IMBABURA,1004,OTAVALO,100455,SAN JOSÉ DE QUICHINCHE,rural,True
475,10,IMBABURA,1004,OTAVALO,100456,SAN JUAN DE ILUMÁN,rural,True
476,10,IMBABURA,1004,OTAVALO,100457,SAN PABLO,rural,True
477,10,IMBABURA,1004,OTAVALO,100458,SAN RAFAEL,rural,True
478,10,IMBABURA,1004,OTAVALO,100459,SELVA ALEGRE,rural,True
479,10,IMBABURA,1005,PIMAMPIRO,100550,PIMAMPIRO,cabecera_cantonal,True
480,10,IMBABURA,1005,PIMAMPIRO,100551,CHUGÁ,rural,True
481,10,IMBABURA,1005,PIMAMPIRO,100552,MARIANO ACOSTA,rural,True
482,10,IMBABURA,1005,PIMAMPIRO,100553,SAN FRANCISCO DE SIGSIPAMBA,rural,True
483,10,IMBABURA,1006,SAN MIGUEL DE URCUQUÍ,100650,URCUQUÍ,cabecera_cantonal,True
484,10,IMBABURA,1006,SAN MIGUEL DE URCUQUÍ,100651,CAHUASQUÍ,rural,True
485,10,IMBABURA,1006,SAN MIGUEL DE URCUQUÍ,100652,LA MERCED DE BUENOS AIRES,rural,True
486,10,IMBABURA,1006,SAN MIGUEL DE URCUQUÍ,100653,PABLO ARENAS,rural,True
487,10,IMBABURA,1006,SAN MIGUEL DE URCUQUÍ,100654,SAN BLAS,rural,True
488,10,IMBABURA,1006,SAN MIGUEL DE URCUQUÍ,100655,TUMBABIRO,rural,True
489,11,LOJA,1101,LOJA,110150,LOJA,cabecera_cantonal,True
490,11,LOJA,1101,LOJA,110151,CHANTACO,rural,True
491,11,LOJA,1101,LOJA,110152,CHUQUIRIBAMBA,rural,True
492,11,LOJA,1101,LOJA,110153,EL CISNE,rural,True
493,11,LOJA,1101,LOJA,110154,GUALEL,rural,True
494,11,LOJA,1101,LOJA,110155,JIMBILLA,rural,True
495,11,LOJA,1101,LOJA,110156,MALACATOS,rural,True
496,11,LOJA,1101,LOJA,110157,SAN LUCAS,rural,True
497,11,LOJA,1101,LOJA,110158,SAN PEDRO DE VILCABAMBA,rural,True
498,11,LOJA,1101,LOJA,110159,SANTIAGO,rural,True
499,11,LOJA,1101,LOJA,110160,TAQUIL,rural,True
500,11,LOJA,1101,LOJA,110161,VILCABAMBA,rural,True
501,11,LOJA,1101,LOJA,110162,YANGANA,rural,True
502,11,LOJA,1101,LOJA,110163,QUINARA,rural,True
503,11,LOJA,1102,CALVAS,110250,CARIAMANGA,cabecera_cantonal,True
504,11,LOJA,1102,CALVAS,110251,COLAISACA,rural,True
505,11,LOJA,1102,CALVAS,110252,EL LUCERO,rural,True
506,11,LOJA,1102,CALVAS,110253,UTUANA,rural,True
507,11,LOJA,1102,CALVAS,110254,SANGUILLÍN,rural,True
508,11,LOJA,1103,CATAMAYO,110350,CATAMAYO,cabecera_cantonal,True
509,11,LOJA,1103,CATAMAYO,110351,EL TAMBO,rural,True
510,11,LOJA,1103,CATAMAYO,110352,GUAYQUICHUMA,rural,True
511,11,LOJA,1103,CATAMAYO,110353,SAN PEDRO DE LA BENDITA,rural,True
512,11,LOJA,1103,CATAMAYO,110354,ZAMBI,rural,True
513,11,LOJA,1104,CELICA,110450,CELICA,cabecera_cantonal,True
514,11,LOJA,1104,CELICA,110451,CRUZPAMBA,rural,True
515,11,LOJA,1104,CELICA,110455,PÓZUL,rural,True
516,11,LOJA,1104,CELICA,110456,SABANILLA,rural,True
517,11,LOJA,1104,CELICA,110457,TENIENTE MAXIMILIANO RODRÍGUEZ LOAIZA,rural,True
518,11,LOJA,1105,CHAGUARPAMBA,110550,CHAGUARPAMBA,cabecera_cantonal,True
519,11,LOJA,1105,CHAGUARPAMBA,110551,BUENAVISTA,rural,True
520,11,LOJA,1105,CHAGUARPAMBA,110552,EL ROSARIO,rural,True
521,11,LOJA,1105,CHAGUARPAMBA,110553,SANTA RUFINA,rural,True
522,11,LOJA,1105,CHAGUARPAMBA,110554,AMARILLOS,rural,True
523,11,LOJA,1106,ESPÍNDOLA,110650,AMALUZA,cabecera_cantonal,True
524,11,LOJA,1106,ESPÍNDOLA,110651,BELLAVISTA,rural,True
525,11,LOJA,1106,ESPÍNDOLA,110652,JIMBURA,rural,True
526,11,LOJA,1106,ESPÍNDOLA,110653,SANTA TERESITA,rural,True
527,11,LOJA,1106,ESPÍNDOLA,110654,27 DE ABRIL,rural,True
528,11,LOJA,1106,ESPÍNDOLA,110655,EL INGENIO,rural,True
529,11,LOJA,1106,ESPÍNDOLA,110656,EL AIRO,rural,True
530,11,LOJA,1107,GONZANAMÁ,110750,GONZANAMÁ,cabecera_cantonal,True
531,11,LOJA,1107,GONZANAMÁ,110751,CHANGAIMINA,rural,True
532,11,LOJA,1107,GONZANAMÁ,110753,NAMBACOLA,rural,True
533,11,LOJA,1107,GONZANAMÁ,110754,PURUNUMA,rural,True
534,11,LOJA,1107,GONZANAMÁ,110756,SACAPALCA,rural,True
535,11,LOJA,1108,MACARÁ,110850,MACARÁ,cabecera_cantonal,True
536,11,LOJA,1108,MACARÁ,110851,LARAMA,rural,True
537,11,LOJA,1108,MACARÁ,110852,LA VICTORIA,rural,True
538,11,LOJA,1108,MACARÁ,110853,SABIANGO,rural,True
539,11,LOJA,1109,PALTAS,110950,CATACOCHA,cabecera_cantonal,True
540,11,LOJA,1109,PALTAS,110951,CANGONAMÁ,rural,True
541,11,LOJA,1109,PALTAS,110952,GUACHANAMÁ,rural,True
542,11,LOJA,1109,PALTAS,110954,LAURO GUERRERO,rural,True
543,11,LOJA,1109,PALTAS,110956,ORIANGA,rural,True
544,11,LOJA,1109,PALTAS,110957,SAN ANTONIO,rural,True
545,11,LOJA,1109,PALTAS,110958,CASANGA,rural,True
546,11,LOJA,1109,PALTAS,110959,YAMANA,rural,True
547,11,LOJA,1110,PUYANGO,111050,ALAMOR,cabecera_cantonal,True
548,11,LOJA,1110,PUYANGO,111051,CIANO,rural,True
549,11,LOJA,1110,PUYANGO,111052,EL ARENAL,rural,True
550,11,LOJA,1110,PUYANGO,111053,EL LIMO,rural,True
551,11,LOJA,1110,PUYANGO,111054,MERCADILLO,rural,True
552,11,LOJA,1110,PUYANGO,111055,VICENTINO,rural,True
553,11,LOJA,1111,SARAGURO,111150,SARAGURO,cabecera_cantonal,True
554,11,LOJA,1111,SARAGURO,111151,EL PARAÍSO DE CELEN,rural,True
555,11,LOJA,1111,SARAGURO,111152,EL TABLÓN,rural,True
556,11,LOJA,1111,SARAGURO,111153,LLUZHAPA,rural,True
557,11,LOJA,1111,SARAGURO,111154,MANÚ,rural,True
558,11,LOJA,1111,SARAGURO,111155,SAN ANTONIO DE QUMBE,rural,True
559,11,LOJA,1111,SARAGURO,111156,SAN PABLO DE TENTA,rural,True
560,11,LOJA,1111,SARAGURO,111157,SAN SEBASTIÁN DE YÚLUC,rural,True
561,11,LOJA,1111,SARAGURO,111158,SELVA ALEGRE,rural,True
562,11,LOJA,1111,SARAGURO,111159,URDANETA,rural,True
563,11,LOJA,1111,SARAGURO,111160,SUMAYPAMBA,rural,True
564,11,LOJA,1112,SOZORANGA,111250,SOZORANGA,cabecera_cantonal,True
565,11,LOJA,1112,SOZORANGA,111251,NUEVA FÁTIMA,rural,True
566,11,LOJA,1112,SOZORANGA,111252,TACAMOROS,rural,True
567,11,LOJA,1113,ZAPOTILLO,111350,ZAPOTILLO,cabecera_cantonal,True
568,11,LOJA,1113,ZAPOTILLO,111351,MANGAHURCO,rural,True
569,11,LOJA,1113,ZAPOTILLO,111352,GARZAREAL,rural,True
570,11,LOJA,1113,ZAPOTILLO,111353,LIMONES,rural,True
571,11,LOJA,1113,ZAPOTILLO,111354,PALETILLAS,rural,True
572,11,LOJA,1113,ZAPOTILLO,111355,BOLASPAMBA,rural,True
573,11,LOJA,1113,ZAPOTILLO,111356,CAZADEROS,rural,True
574,11,LOJA,1114,PINDAL,111450,PINDAL,cabecera_cantonal,True
575,11,LOJA,1114,PINDAL,111451,CHAQUINAL,rural,True
576,11,LOJA,1114,PINDAL,111452,12 DE DICIEMBRE,rural,True
577,11,LOJA,1114,PINDAL,111453,MILAGROS,rural,True
578,11,LOJA,1115,QUILANGA,111550,QUILANGA,cabecera_cantonal,True
579,11,LOJA,1115,QUILANGA,111551,FUNDOCHAMBA,rural,True
580,11,LOJA,1115,QUILANGA,111552,SAN ANTONIO DE LAS ARADAS,rural,True
581,11,LOJA,1116,OLMEDO,111650,OLMEDO,cabecera_cantonal,True
582,11,LOJA,1116,OLMEDO,111651,LA TINGUE,rural,True
583,12,LOS RÍOS,1201,BABAHOYO,120150,BABAHOYO,cabecera_cantonal,True
584,12,LOS RÍOS,1201,BABAHOYO,120152,CARACOL,rural,True
585,12,LOS RÍOS,1201,BABAHOYO,120153,FEBRES CORDERO,rural,True
586,12,LOS RÍOS,1201,BABAHOYO,120154,PIMOCHA,rural,True
587,12,LOS RÍOS,1201,BABAHOYO,120155,LA UNIÓN,rural,True
588,12,LOS RÍOS,1202,BABA,120250,BABA,cabecera_cantonal,True
589,12,LOS RÍOS,1202,BABA,120251,GUARE,rural,True
590,12,LOS RÍOS,1202,BABA,120252,ISLA DE BEJUCAL,rural,True
591,12,LOS RÍOS,1203,MONTALVO,120350,MONTALVO,cabecera_cantonal,True
592,12,LOS RÍOS,1203,MONTALVO,120351,LA ESMERALDA,rural,True
593,12,LOS RÍOS,1204,PUEBLOVIEJO,120450,PUEBLOVIEJO,cabecera_cantonal,True
594,12,LOS RÍOS,1204,PUEBLOVIEJO,120451,PUERTO PECHICHE,rural,True
595,12,LOS RÍOS,1204,PUEBLOVIEJO,120452,SAN JUAN,rural,True
596,12,LOS RÍOS,1205,QUEVEDO,120550,QUEVEDO,cabecera_cantonal,True
597,12,LOS RÍOS,1205,QUEVEDO,120553,SAN CARLOS,rural,True
598,12,LOS RÍOS,1205,QUEVEDO,120555,LA ESPERANZA,rural,True
599,12,LOS RÍOS,1206,URDANETA,120650,CATARAMA,cabecera_cantonal,True
600,12,LOS RÍOS,1206,URDANETA,120651,RICAURTE,rural,True
601,12,LOS RÍOS,1207,VENTANAS,120750,VENTANAS,cabecera_cantonal,True
602,12,LOS RÍOS,1207,VENTANAS,120752,ZAPOTAL,rural,True
603,12,LOS RÍOS,1207,VENTANAS,120753,CHACARITA,rural,True
604,12,LOS RÍOS,1207,VENTANAS,120754,LOS ÁNGELES,rural,True
605,12,LOS RÍOS,1208,VINCES,120850,VINCES,cabecera_cantonal,True
606,12,LOS RÍOS,1208,VINCES,120851,ANTONIO SOTOMAYOR,rural,True
607,12,LOS RÍOS,1209,PALENQUE,120950,PALENQUE,cabecera_cantonal,True
608,12,LOS RÍOS,1210,BUENA FE,121050,SAN JACINTO DE BUENA FE,cabecera_cantonal,True
609,12,LOS RÍOS,1210,BUENA FE,121051,PATRICIA PILAR,rural,True
610,12,LOS RÍOS,1211,VALENCIA,121150,VALENCIA,cabecera_cantonal,True
611,12,LOS RÍOS,1212,MOCACHE,121250,MOCACHE,cabecera_cantonal,True
612,12,LOS RÍOS,1213,QUINSALOMA,121350,QUINSALOMA,cabecera_cantonal,True
613,13,MANABÍ,1301,PORTOVIEJO,130150,PORTOVIEJO,cabecera_cantonal,True
614,13,MANABÍ,1301,PORTOVIEJO,130151,ABDÓN CALDERÓN,rural,True
615,13,MANABÍ,1301,PORTOVIEJO,130152,ALHAJUELA,rural,True
616,13,MANABÍ,1301,PORTOVIEJO,130153,CRUCITA,rural,True
617,13,MANABÍ,1301,PORTOVIEJO,130154,PUEBLO NUEVO,rural,True
618,13,MANABÍ,1301,PORTOVIEJO,130155,RIOCHICO,rural,True
619,13,MANABÍ,1301,PORTOVIEJO,130156,SAN PLÁCIDO,rural,True
620,13,MANABÍ,1301,PORTOVIEJO,130157,CHIRIJOS,rural,True
621,13,MANABÍ,1302,BOLÍVAR,130250,CALCETA,cabecera_cantonal,True
622,13,MANABÍ,1302,BOLÍVAR,130251,MEMBRILLO,rural,True
623,13,MANABÍ,1302,BOLÍVAR,130252,QUIROGA,rural,True
624,13,MANABÍ,1303,CHONE,130350,CHONE,cabecera_cantonal,True
625,13,MANABÍ,1303,CHONE,130351,BOYACÁ,rural,True
626,13,MANABÍ,1303,CHONE,130352,CANUTO,rural,True
627,13,MANABÍ,1303,CHONE,130353,CONVENTO,rural,True
628,13,MANABÍ,1303,CHONE,130354,CHIBUNGA,rural,True
629,13,MANABÍ,1303,CHONE,130355,ELOY ALFARO,rural,True
630,13,MANABÍ,1303,CHONE,130356,RICAURTE,rural,True
631,13,MANABÍ,1303,CHONE,130357,SAN ANTONIO,rural,True
632,13,MANABÍ,1304,EL CARMEN,130450,EL CARMEN,cabecera_cantonal,True
633,13,MANABÍ,1304,EL CARMEN,130451,WILFRIDO LOOR MOREIRA,rural,True
634,13,MANABÍ,1304,EL CARMEN,130452,SAN PEDRO DE SUMA,rural,True
635,13,MANABÍ,1304,EL CARMEN,130453,SANTA MARÍA,rural,True
636,13,MANABÍ,1304,EL CARMEN,130454,EL PARAÍSO LA 14,rural,True
637,13,MANABÍ,1305,FLAVIO ALFARO,130550,FLAVIO ALFARO,cabecera_cantonal,True
638,13,MANABÍ,1305,FLAVIO ALFARO,130551,SAN FRANCISCO DE NOVILLO,rural,True
639,13,MANABÍ,1305,FLAVIO ALFARO,130552,ZAPALLO,rural,True
640,13,MANABÍ,1306,JIPIJAPA,130650,JIPIJAPA,cabecera_cantonal,True
641,13,MANABÍ,1306,JIPIJAPA,130651,AMÉRICA,rural,True
642,13,MANABÍ,1306,JIPIJAPA,130652,EL ANEGADO,rural,True
643,13,MANABÍ,1306,JIPIJAPA,130653,JULCUY,rural,True
644,13,MANABÍ,1306,JIPIJAPA,130654,LA UNIÓN,rural,True
645,13,MANABÍ,1306,JIPIJAPA,130656,MEMBRILLAL,rural,True
646,13,MANABÍ,1306,JIPIJAPA,130657,PEDRO PABLO GÓMEZ,rural,True
647,13,MANABÍ,1306,JIPIJAPA,130658,PUERTO CAYO,rural,True
648,13,MANABÍ,1307,JUNÍN,130750,JUNÍN,cabecera_cantonal,True
649,13,MANABÍ,1308,MANTA,130850,MANTA,cabecera_cantonal,True
650,13,MANABÍ,1308,MANTA,130851,SAN LORENZO,rural,True
651,13,MANABÍ,1308,MANTA,130852,SANTA MARIANITA,rural,True
652,13,MANABÍ,1309,MONTECRISTI,130950,MONTECRISTI,cabecera_cantonal,True
653,13,MANABÍ,1309,MONTECRISTI,130952,LA PILA,rural,True
654,13,MANABÍ,1310,PAJÁN,131050,PAJÁN,cabecera_cantonal,True
655,13,MANABÍ,1310,PAJÁN,131051,CAMPOZANO,rural,True
656,13,MANABÍ,1310,PAJÁN,131052,CASCOL,rural,True
657,13,MANABÍ,1310,PAJÁN,131053,GUALE,rural,True
658,13,MANABÍ,1310,PAJÁN,131054,LASCANO,rural,True
659,13,MANABÍ,1311,PICHINCHA,131150,PICHINCHA,cabecera_cantonal,True
660,13,MANABÍ,1311,PICHINCHA,131151,BARRAGANETE,rural,True
661,13,MANABÍ,1311,PICHINCHA,131152,SAN SEBASTIÁN,rural,True
662,13,MANABÍ,1312,ROCAFUERTE,131250,ROCAFUERTE,cabecera_cantonal,True
663,13,MANABÍ,1312,ROCAFUERTE,131251,SOSOTE,rural,True
664,13,MANABÍ,1313,SANTA ANA,131350,SANTA ANA DE VUELTA LARGA,cabecera_cantonal,True
665,13,MANABÍ,1313,SANTA ANA,131351,AYACUCHO,rural,True
666,13,MANABÍ,1313,SANTA ANA,131352,HONORATO VÁSQUEZ,rural,True
667,13,MANABÍ,1313,SANTA ANA,131353,LA UNIÓN,rural,True
668,13,MANABÍ,1313,SANTA ANA,131355,SAN PABLO,rural,True
669,13,MANABÍ,1314,SUCRE,131450,BAHÍA DE CARÁQUEZ,cabecera_cantonal,True
670,13,MANABÍ,1314,SUCRE,131453,CHARAPOTÓ,rural,True
671,13,MANABÍ,1314,SUCRE,131457,SAN ISIDRO,rural,True
672,13,MANABÍ,1315,TOSAGUA,131550,TOSAGUA,cabecera_cantonal,True
673,13,MANABÍ,1315,TOSAGUA,131551,BACHILLERO,rural,True
674,13,MANABÍ,1315,TOSAGUA,131552,ÁNGEL PEDRO GILER,rural,True
675,13,MANABÍ,1316,24 DE MAYO,131650,SUCRE,cabecera_cantonal,True
676,13,MANABÍ,1316,24 DE MAYO,131651,BELLAVISTA,rural,True
677,13,MANABÍ,1316,24 DE MAYO,131652,NOBOA,rural,True
678,13,MANABÍ,1316,24 DE MAYO,131653,ARQUITECTO SIXTO DURÁN BALLÉN,rural,True
679,13,MANABÍ,1317,PEDERNALES,131750,PEDERNALES,cabecera_cantonal,True
680,13,MANABÍ,1317,PEDERNALES,131751,COJIMÍES,rural,True
681,13,MANABÍ,1317,PEDERNALES,131752,DIEZ DE AGOSTO,rural,True
682,13,MANABÍ,1317,PEDERNALES,131753,ATAHUALPA,rural,True
683,13,MANABÍ,1318,OLMEDO,131850,OLMEDO,cabecera_cantonal,True
684,13,MANABÍ,1319,PUERTO LÓPEZ,131950,PUERTO LÓPEZ,cabecera_cantonal,True
685,13,MANABÍ,1319,PUERTO LÓPEZ,131951,MACHALILLA,rural,True
686,13,MANABÍ,1319,PUERTO LÓPEZ,131952,SALANGO,rural,True
687,13,MANABÍ,1320,JAMA,132050,JAMA,cabecera_cantonal,True
688,13,MANABÍ,1321,JARAMIJÓ,132150,JARAMIJÓ,cabecera_cantonal,True
689,13,MANABÍ,1322,SAN VICENTE,132250,SAN VICENTE,cabecera_cantonal,True
690,13,MANABÍ,1322,SAN VICENTE,132251,CANOA,rural,True
691,14,MORONA SANTIAGO,1401,MORONA,140150,MACAS,cabecera_cantonal,True
692,14,MORONA SANTIAGO,1401,MORONA,140151,ALSHI,rural,True
693,14,MORONA SANTIAGO,1401,MORONA,140153,GENERAL PROAÑO,rural,True
694,14,MORONA SANTIAGO,1401,MORONA,140156,SAN ISIDRO,rural,True
695,14,MORONA SANTIAGO,1401,MORONA,140158,SINAÍ,rural,True
696,14,MORONA SANTIAGO,1401,MORONA,140160,ZUÑA,rural,True
697,14,MORONA SANTIAGO,1401,MORONA,140162,CUCHAENTZA,rural,True
698,14,MORONA SANTIAGO,1401,MORONA,140164,RÍO BLANCO,rural,True
699,14,MORONA SANTIAGO,1402,GUALAQUIZA,140250,GUALAQUIZA,cabecera_cantonal,True
700,14,MORONA SANTIAGO,1402,GUALAQUIZA,140251,AMAZONAS,rural,True
701,14,MORONA SANTIAGO,1402,GUALAQUIZA,140252,BERMEJOS,rural,True
702,14,MORONA SANTIAGO,1402,GUALAQUIZA,140253,BOMBOÍZA,rural,True
703,14,MORONA SANTIAGO,1402,GUALAQUIZA,140254,CHIGÜINDA,rural,True
704,14,MORONA SANTIAGO,1402,GUALAQUIZA,140255,EL ROSARIO,rural,True
705,14,MORONA SANTIAGO,1402,GUALAQUIZA,140256,NUEVA TARQUI,rural,True
706,14,MORONA SANTIAGO,1402,GUALAQUIZA,140257,SAN MIGUEL DE CUYES,rural,True
707,14,MORONA SANTIAGO,1402,GUALAQUIZA,140258,EL IDEAL,rural,True
708,14,MORONA SANTIAGO,1403,LIMÓN INDANZA,140350,GENERAL LEONIDAS PLAZA GUTIÉRREZ,cabecera_cantonal,True
709,14,MORONA SANTIAGO,1403,LIMÓN INDANZA,140351,INDANZA,rural,True
710,14,MORONA SANTIAGO,1403,LIMÓN INDANZA,140353,SAN ANTONIO,rural,True
711,14,MORONA SANTIAGO,1403,LIMÓN INDANZA,140356,SAN MIGUEL DE CONCHAY,rural,True
712,14,MORONA SANTIAGO,1403,LIMÓN INDANZA,140357,SANTA SUSANA DE CHIVIAZA,rural,True
713,14,MORONA SANTIAGO,1403,LIMÓN INDANZA,140358,YUNGANZA,rural,True
714,14,MORONA SANTIAGO,1404,PALORA,140450,PALORA,cabecera_cantonal,True
715,14,MORONA SANTIAGO,1404,PALORA,140451,ARAPICOS,rural,True
716,14,MORONA SANTIAGO,1404,PALORA,140452,CUMANDÁ,rural,True
717,14,MORONA SANTIAGO,1404,PALORA,140454,SANGAY,rural,True
718,14,MORONA SANTIAGO,1404,PALORA,140455,16 DE AGOSTO,rural,True
719,14,MORONA SANTIAGO,1405,SANTIAGO,140550,SANTIAGO DE MÉNDEZ,cabecera_cantonal,True
720,14,MORONA SANTIAGO,1405,SANTIAGO,140551,COPAL,rural,True
721,14,MORONA SANTIAGO,1405,SANTIAGO,140552,CHUPIANZA,rural,True
722,14,MORONA SANTIAGO,1405,SANTIAGO,140553,PATUCA,rural,True
723,14,MORONA SANTIAGO,1405,SANTIAGO,140554,SAN LUIS DE EL ACHO,rural,True
724,14,MORONA SANTIAGO,1405,SANTIAGO,140556,TAYUZA,rural,True
725,14,MORONA SANTIAGO,1405,SANTIAGO,140557,SAN FRANCISCO DE CHINIMBIMI,rural,True
726,14,MORONA SANTIAGO,1406,SUCÚA,140650,SUCÚA,cabecera_cantonal,True
727,14,MORONA SANTIAGO,1406,SUCÚA,140651,ASUNCIÓN,rural,True
728,14,MORONA SANTIAGO,1406,SUCÚA,140652,HUAMBI,rural,True
729,14,MORONA SANTIAGO,1406,SUCÚA,140655,SANTA MARIANITA DE JESÚS,rural,True
730,14,MORONA SANTIAGO,1407,HUAMBOYA,140750,HUAMBOYA,cabecera_cantonal,True
731,14,MORONA SANTIAGO,1407,HUAMBOYA,140751,CHIGUAZA,rural,True
732,14,MORONA SANTIAGO,1408,SAN JUAN BOSCO,140850,SAN JUAN BOSCO,cabecera_cantonal,True
733,14,MORONA SANTIAGO,1408,SAN JUAN BOSCO,140851,PAN DE AZÚCAR,rural,True
734,14,MORONA SANTIAGO,1408,SAN JUAN BOSCO,140852,SAN CARLOS DE LIMÓN,rural,True
735,14,MORONA SANTIAGO,1408,SAN JUAN BOSCO,140853,SAN JACINTO DE WAKAMBEIS,rural,True
736,14,MORONA SANTIAGO,1408,SAN JUAN BOSCO,140854,SANTIAGO DE PANANZA,rural,True
737,14,MORONA SANTIAGO,1409,TAISHA,140950,TAISHA,cabecera_cantonal,True
738,14,MORONA SANTIAGO,1409,TAISHA,140951,HUASAGA,rural,True
739,14,MORONA SANTIAGO,1409,TAISHA,140952,MACUMA,rural,True
740,14,MORONA SANTIAGO,1409,TAISHA,140953,TUUTINENTSA,rural,True
741,14,MORONA SANTIAGO,1409,TAISHA,140954,PUMPUENTSA,rural,True
742,14,MORONA SANTIAGO,1410,LOGROÑO,141050,LOGROÑO,cabecera_cantonal,True
743,14,MORONA SANTIAGO,1410,LOGROÑO,141051,YAUPI,rural,True
744,14,MORONA SANTIAGO,1410,LOGROÑO,141052,SHIMPIS,rural,True
745,14,MORONA SANTIAGO,1411,PABLO SEXTO,141150,PABLO SEXTO,cabecera_cantonal,True
746,14,MORONA SANTIAGO,1412,TIWINTZA,141250,SANTIAGO,cabecera_cantonal,True
747,14,MORONA SANTIAGO,1412,TIWINTZA,141251,SAN JOSÉ DE MORONA,rural,True
748,14,MORONA SANTIAGO,1413,SEVILLA DON BOSCO,141350,SEVILLA DON BOSCO,cabecera_cantonal,True
749,15,NAPO,1501,TENA,150150,TENA,cabecera_cantonal,True
750,15,NAPO,1501,TENA,150151,AHUANO,rural,True
751,15,NAPO,1501,TENA,150153,CHONTAPUNTA,rural,True
752,15,NAPO,1501,TENA,150154,PANO,rural,True
753,15,NAPO,1501,TENA,150155,PUERTO MISAHUALLÍ,rural,True
754,15,NAPO,1501,TENA,150156,PUERTO NAPO,rural,True
755,15,NAPO,1501,TENA,150157,TÁLAG,rural,True
756,15,NAPO,1501,TENA,150158,SAN JUAN DE MUYUNA,rural,True
757,15,NAPO,1503,ARCHIDONA,150350,ARCHIDONA,cabecera_cantonal,True
758,15,NAPO,1503,ARCHIDONA,150352,COTUNDO,rural,True
759,15,NAPO,1503,ARCHIDONA,150354,SAN PABLO DE USHPAYACU,rural,True
760,15,NAPO,1503,ARCHIDONA,150356,HATUN SUMAKU,rural,True
761,15,NAPO,1504,EL CHACO,150450,EL CHACO,cabecera_cantonal,True
762,15,NAPO,1504,EL CHACO,150451,GONZALO DÍAZ DE PINEDA,rural,True
763,15,NAPO,1504,EL CHACO,150452,LINARES,rural,True
764,15,NAPO,1504,EL CHACO,150453,OYACACHI,rural,True
765,15,NAPO,1504,EL CHACO,150454,SANTA ROSA,rural,True
766,15,NAPO,1504,EL CHACO,150455,SARDINAS,rural,True
767,15,NAPO,1507,QUIJOS,150750,BAEZA,cabecera_cantonal,True
768,15,NAPO,1507,QUIJOS,150751,COSANGA,rural,True
769,15,NAPO,1507,QUIJOS,150752,CUYUJA,rural,True
770,15,NAPO,1507,QUIJOS,150753,PAPALLACTA,rural,True
771,15,NAPO,1507,QUIJOS,150754,SAN FRANCISCO DE BORJA,rural,True
772,15,NAPO,1507,QUIJOS,150756,SUMACO,rural,True
773,15,NAPO,1509,CARLOS JULIO AROSEMENA TOLA,150950,CARLOS JULIO AROSEMENA TOLA,cabecera_cantonal,True
774,16,PASTAZA,1601,PASTAZA,160150,PUYO,cabecera_cantonal,True
775,16,PASTAZA,1601,PASTAZA,160152,CANELOS,rural,True
776,16,PASTAZA,1601,PASTAZA,160154,DIEZ DE AGOSTO,rural,True
777,16,PASTAZA,1601,PASTAZA,160155,FÁTIMA,rural,True
778,16,PASTAZA,1601,PASTAZA,160156,MONTALVO,rural,True
779,16,PASTAZA,1601,PASTAZA,160157,POMONA,rural,True
780,16,PASTAZA,1601,PASTAZA,160158,RÍO CORRIENTES,rural,True
781,16,PASTAZA,1601,PASTAZA,160159,RÍO TIGRE,rural,True
782,16,PASTAZA,1601,PASTAZA,160161,SARAYACU,rural,True
783,16,PASTAZA,1601,PASTAZA,160162,SIMÓN BOLÍVAR,rural,True
784,16,PASTAZA,1601,PASTAZA,160163,TARQUI,rural,True
785,16,PASTAZA,1601,PASTAZA,160164,TENIENTE HUGO ORTIZ,rural,True
786,16,PASTAZA,1601,PASTAZA,160165,VERACRUZ,rural,True
787,16,PASTAZA,1601,PASTAZA,160166,EL TRIUNFO,rural,True
788,16,PASTAZA,1602,MERA,160250,MERA,cabecera_cantonal,True
789,16,PASTAZA,1602,MERA,160251,MADRE TIERRA,rural,True
790,16,PASTAZA,1602,MERA,160252,SHELL,rural,True
791,16,PASTAZA,1603,SANTA CLARA,160350,SANTA CLARA,cabecera_cantonal,True
792,16,PASTAZA,1603,SANTA CLARA,160351,SAN JOSÉ,rural,True
793,16,PASTAZA,1604,ARAJUNO,160450,ARAJUNO,cabecera_cantonal,True
794,16,PASTAZA,1604,ARAJUNO,160451,CURARAY,rural,True
795,17,PICHINCHA,1701,DISTRITO METROPOLITANO DE QUITO,170150,QUITO,cabecera_cantonal,True
796,17,PICHINCHA,1701,DISTRITO METROPOLITANO DE QUITO,170151,ALANGASÍ,rural,True
797,17,PICHINCHA,1701,DISTRITO METROPOLITANO DE QUITO,170152,AMAGUAÑA,rural,True
798,17,PICHINCHA,1701,DISTRITO METROPOLITANO DE QUITO,170153,ATAHUALPA,rural,True
799,17,PICHINCHA,1701,DISTRITO METROPOLITANO DE QUITO,170154,CALACALÍ,rural,True
800,17,PICHINCHA,1701,DISTRITO METROPOLITANO DE QUITO,170155,CALDERÓN,rural,True
801,17,PICHINCHA,1701,DISTRITO METROPOLITANO DE QUITO,170156,CONOCOTO,rural,True
802,17,PICHINCHA,1701,DISTRITO METROPOLITANO DE QUITO,170157,CUMBAYÁ,rural,True
803,17,PICHINCHA,1701,DISTRITO METROPOLITANO DE QUITO,170158,CHAVEZPAMBA,rural,True
804,17,PICHINCHA,1701,DISTRITO METROPOLITANO DE QUITO,170159,CHECA,rural,True
805,17,PICHINCHA,1701,DISTRITO METROPOLITANO DE QUITO,170160,EL QUINCHE,rural,True
806,17,PICHINCHA,1701,DISTRITO METROPOLITANO DE QUITO,170161,GUALEA,rural,True
807,17,PICHINCHA,1701,DISTRITO METROPOLITANO DE QUITO,170162,GUANGOPOLO,rural,True
808,17,PICHINCHA,1701,DISTRITO METROPOLITANO DE QUITO,170163,GUAYLLABAMBA,rural,True
809,17,PICHINCHA,1701,DISTRITO METROPOLITANO DE QUITO,170164,LA MERCED,rural,True
810,17,PICHINCHA,1701,DISTRITO METROPOLITANO DE QUITO,170165,LLANO CHICO,rural,True
811,17,PICHINCHA,1701,DISTRITO METROPOLITANO DE QUITO,170166,LLOA,rural,True
812,17,PICHINCHA,1701,DISTRITO METROPOLITANO DE QUITO,170168,NANEGAL,rural,True
813,17,PICHINCHA,1701,DISTRITO METROPOLITANO DE QUITO,170169,NANEGALITO,rural,True
814,17,PICHINCHA,1701,DISTRITO METROPOLITANO DE QUITO,170170,NAYÓN,rural,True
815,17,PICHINCHA,1701,DISTRITO METROPOLITANO DE QUITO,170171,NONO,rural,True
816,17,PICHINCHA,1701,DISTRITO METROPOLITANO DE QUITO,170172,PACTO,rural,True
817,17,PICHINCHA,1701,DISTRITO METROPOLITANO DE QUITO,170174,PERUCHO,rural,True
818,17,PICHINCHA,1701,DISTRITO METROPOLITANO DE QUITO,170175,PIFO,rural,True
819,17,PICHINCHA,1701,DISTRITO METROPOLITANO DE QUITO,170176,PÍNTAG,rural,True
820,17,PICHINCHA,1701,DISTRITO METROPOLITANO DE QUITO,170177,POMASQUI,rural,True
821,17,PICHINCHA,1701,DISTRITO METROPOLITANO DE QUITO,170178,PUÉLLARO,rural,True
822,17,PICHINCHA,1701,DISTRITO METROPOLITANO DE QUITO,170179,PUEMBO,rural,True
823,17,PICHINCHA,1701,DISTRITO METROPOLITANO DE QUITO,170180,SAN ANTONIO,rural,True
824,17,PICHINCHA,1701,DISTRITO METROPOLITANO DE QUITO,170181,SAN JOSÉ DE MINAS,rural,True
825,17,PICHINCHA,1701,DISTRITO METROPOLITANO DE QUITO,170183,TABABELA,rural,True
826,17,PICHINCHA,1701,DISTRITO METROPOLITANO DE QUITO,170184,TUMBACO,rural,True
827,17,PICHINCHA,1701,DISTRITO METROPOLITANO DE QUITO,170185,YARUQUÍ,rural,True
828,17,PICHINCHA,1701,DISTRITO METROPOLITANO DE QUITO,170186,ZÁMBIZA,rural,True
829,17,PICHINCHA,1702,CAYAMBE,170250,CAYAMBE,cabecera_cantonal,True
830,17,PICHINCHA,1702,CAYAMBE,170251,ASCÁZUBI,rural,True
831,17,PICHINCHA,1702,CAYAMBE,170252,CANGAHUA,rural,True
832,17,PICHINCHA,1702,CAYAMBE,170253,OLMEDO,rural,True
833,17,PICHINCHA,1702,CAYAMBE,170254,OTÓN,rural,True
834,17,PICHINCHA,1702,CAYAMBE,170255,SANTA ROSA DE CUZUBAMBA,rural,True
835,17,PICHINCHA,1702,CAYAMBE,170256,SAN JOSÉ DE AYORA,rural,True
836,17,PICHINCHA,1702,CAYAMBE,170257,JUAN MONTALVO,rural,True
837,17,PICHINCHA,1703,MEJÍA,170350,MACHACHI,cabecera_cantonal,True
838,17,PICHINCHA,1703,MEJÍA,170351,ALOAG,rural,True
839,17,PICHINCHA,1703,MEJÍA,170352,ALOASÍ,rural,True
840,17,PICHINCHA,1703,MEJÍA,170353,CUTUGLAHUA,rural,True
841,17,PICHINCHA,1703,MEJÍA,170354,EL CHAUPI,rural,True
842,17,PICHINCHA,1703,MEJÍA,170355,MANUEL CORNEJO ASTORGA,rural,True
843,17,PICHINCHA,1703,MEJÍA,170356,TAMBILLO,rural,True
844,17,PICHINCHA,1703,MEJÍA,170357,UYUMBICHO,rural,True
845,17,PICHINCHA,1704,PEDRO MONCAYO,170450,TABACUNDO,cabecera_cantonal,True
846,17,PICHINCHA,1704,PEDRO MONCAYO,170451,LA ESPERANZA,rural,True
847,17,PICHINCHA,1704,PEDRO MONCAYO,170452,MALCHINGUÍ,rural,True
848,17,PICHINCHA,1704,PEDRO MONCAYO,170453,TOCACHI,rural,True
849,17,PICHINCHA,1704,PEDRO MONCAYO,170454,TUPIGACHI,rural,True
850,17,PICHINCHA,1705,RUMIÑAHUI,170550,SANGOLQUÍ,cabecera_cantonal,True
851,17,PICHINCHA,1705,RUMIÑAHUI,170551,COTOGCHOA,rural,True
852,17,PICHINCHA,1705,RUMIÑAHUI,170552,RUMIPAMBA,rural,True
853,17,PICHINCHA,1707,SAN MIGUEL DE LOS BANCOS,170750,SAN MIGUEL DE LOS BANCOS,cabecera_cantonal,True
854,17,PICHINCHA,1707,SAN MIGUEL DE LOS BANCOS,170751,MINDO,rural,True
855,17,PICHINCHA,1708,PEDRO VICENTE MALDONADO,170850,PEDRO VICENTE MALDONADO,cabecera_cantonal,True
856,17,PICHINCHA,1709,PUERTO QUITO,170950,PUERTO QUITO,cabecera_cantonal,True
857,18,TUNGURAHUA,1801,AMBATO,180150,AMBATO,cabecera_cantonal,True
858,18,TUNGURAHUA,1801,AMBATO,180151,AMBATILLO,rural,True
859,18,TUNGURAHUA,1801,AMBATO,180152,ATAHUALPA,rural,True
860,18,TUNGURAHUA,1801,AMBATO,180153,AUGUSTO N. MARTÍNEZ,rural,True
861,18,TUNGURAHUA,1801,AMBATO,180154,CONSTANTINO FERNÁNDEZ,rural,True
862,18,TUNGURAHUA,1801,AMBATO,180155,HUACHI GRANDE,rural,True
863,18,TUNGURAHUA,1801,AMBATO,180156,IZAMBA,rural,True
864,18,TUNGURAHUA,1801,AMBATO,180157,JUAN BENIGNO VELA,rural,True
865,18,TUNGURAHUA,1801,AMBATO,180158,MONTALVO,rural,True
866,18,TUNGURAHUA,1801,AMBATO,180159,PASA,rural,True
867,18,TUNGURAHUA,1801,AMBATO,180160,PICAIHUA,rural,True
868,18,TUNGURAHUA,1801,AMBATO,180161,PILAGÜÍN,rural,True
869,18,TUNGURAHUA,1801,AMBATO,180162,QUISAPINCHA,rural,True
870,18,TUNGURAHUA,1801,AMBATO,180163,SAN BARTOLOMÉ DE PINLLO,rural,True
871,18,TUNGURAHUA,1801,AMBATO,180164,SAN FERNANDO,rural,True
872,18,TUNGURAHUA,1801,AMBATO,180165,SANTA ROSA,rural,True
873,18,TUNGURAHUA,1801,AMBATO,180166,TOTORAS,rural,True
874,18,TUNGURAHUA,1801,AMBATO,180167,CUNCHIBAMBA,rural,True
875,18,TUNGURAHUA,1801,AMBATO,180168,UNAMUNCHO,rural,True
876,18,TUNGURAHUA,1802,BAÑOS DE AGUA SANTA,180250,BAÑOS,cabecera_cantonal,True
877,18,TUNGURAHUA,1802,BAÑOS DE AGUA SANTA,180251,LLIGUA,rural,True
878,18,TUNGURAHUA,1802,BAÑOS DE AGUA SANTA,180252,RÍO NEGRO,rural,True
879,18,TUNGURAHUA,1802,BAÑOS DE AGUA SANTA,180253,RÍO VERDE,rural,True
880,18,TUNGURAHUA,1802,BAÑOS DE AGUA SANTA,180254,ULBA,rural,True
881,18,TUNGURAHUA,1803,CEVALLOS,180350,CEVALLOS,cabecera_cantonal,True
882,18,TUNGURAHUA,1804,MOCHA,180450,MOCHA,cabecera_cantonal,True
883,18,TUNGURAHUA,1804,MOCHA,180451,PINGUILÍ,rural,True
884,18,TUNGURAHUA,1805,PATATE,180550,PATATE,cabecera_cantonal,True
885,18,TUNGURAHUA,1805,PATATE,180551,EL TRIUNFO,rural,True
886,18,TUNGURAHUA,1805,PATATE,180552,LOS ANDES,rural,True
887,18,TUNGURAHUA,1805,PATATE,180553,SUCRE,rural,True
888,18,TUNGURAHUA,1806,QUERO,180650,QUERO,cabecera_cantonal,True
889,18,TUNGURAHUA,1806,QUERO,180651,RUMIPAMBA,rural,True
890,18,TUNGURAHUA,1806,QUERO,180652,YANAYACU MOCHAPATA,rural,True
891,18,TUNGURAHUA,1807,SAN PEDRO DE PELILEO,180750,PELILEO,cabecera_cantonal,True
892,18,TUNGURAHUA,1807,SAN PEDRO DE PELILEO,180751,BENÍTEZ,rural,True
893,18,TUNGURAHUA,1807,SAN PEDRO DE PELILEO,180752,BOLÍVAR,rural,True
894,18,TUNGURAHUA,1807,SAN PEDRO DE PELILEO,180753,COTALÓ,rural,True
895,18,TUNGURAHUA,1807,SAN PEDRO DE PELILEO,180754,CHIQUICHA,rural,True
896,18,TUNGURAHUA,1807,SAN PEDRO DE PELILEO,180755,EL ROSARIO,rural,True
897,18,TUNGURAHUA,1807,SAN PEDRO DE PELILEO,180756,GARCÍA MORENO,rural,True
898,18,TUNGURAHUA,1807,SAN PEDRO DE PELILEO,180757,GUAMBALÓ,rural,True
899,18,TUNGURAHUA,1807,SAN PEDRO DE PELILEO,180758,SALASACA,rural,True
900,18,TUNGURAHUA,1808,SANTIAGO DE PÍLLARO,180850,PÍLLARO,cabecera_cantonal,True
901,18,TUNGURAHUA,1808,SANTIAGO DE PÍLLARO,180851,BAQUERIZO MORENO,rural,True
902,18,TUNGURAHUA,1808,SANTIAGO DE PÍLLARO,180852,EMILIO MARÍA TERÁN,rural,True
903,18,TUNGURAHUA,1808,SANTIAGO DE PÍLLARO,180853,MARCOS ESPINEL,rural,True
904,18,TUNGURAHUA,1808,SANTIAGO DE PÍLLARO,180854,PRESIDENTE URBINA,rural,True
905,18,TUNGURAHUA,1808,SANTIAGO DE PÍLLARO,180855,SAN ANDRÉS,rural,True
906,18,TUNGURAHUA,1808,SANTIAGO DE PÍLLARO,180856,SAN JOSÉ DE POALÓ,rural,True
907,18,TUNGURAHUA,1808,SANTIAGO DE PÍLLARO,180857,SAN MIGUELITO,rural,True
908,18,TUNGURAHUA,1809,TISALEO,180950,TISALEO,cabecera_cantonal,True
909,18,TUNGURAHUA,1809,TISALEO,180951,QUINCHICOTO,rural,True
910,19,ZAMORA CHINCHIPE,1901,ZAMORA,190150,ZAMORA,cabecera_cantonal,True
911,19,ZAMORA CHINCHIPE,1901,ZAMORA,190151,CUMBARATZA,rural,True
912,19,ZAMORA CHINCHIPE,1901,ZAMORA,190152,GUADALUPE,rural,True
913,19,ZAMORA CHINCHIPE,1901,ZAMORA,190153,IMBANA,rural,True
914,19,ZAMORA CHINCHIPE,1901,ZAMORA,190155,SABANILLA,rural,True
915,19,ZAMORA CHINCHIPE,1901,ZAMORA,190156,TIMBARA,rural,True
916,19,ZAMORA CHINCHIPE,1901,ZAMORA,190158,SAN CARLOS DE LAS MINAS,rural,True
917,19,ZAMORA CHINCHIPE,1902,CHINCHIPE,190250,ZUMBA,cabecera_cantonal,True
918,19,ZAMORA CHINCHIPE,1902,CHINCHIPE,190251,CHITO,rural,True
919,19,ZAMORA CHINCHIPE,1902,CHINCHIPE,190252,EL CHORRO,rural,True
920,19,ZAMORA CHINCHIPE,1902,CHINCHIPE,190254,LA CHONTA,rural,True
921,19,ZAMORA CHINCHIPE,1902,CHINCHIPE,190256,PUCAPAMBA,rural,True
922,19,ZAMORA CHINCHIPE,1902,CHINCHIPE,190259,SAN ANDRÉS,rural,True
923,19,ZAMORA CHINCHIPE,1903,NANGARITZA,190350,GUAYZIMI,cabecera_cantonal,True
924,19,ZAMORA CHINCHIPE,1903,NANGARITZA,190351,ZURMI,rural,True
925,19,ZAMORA CHINCHIPE,1903,NANGARITZA,190352,NUEVO PARAÍSO,rural,True
926,19,ZAMORA CHINCHIPE,1903,NANGARITZA,190353,NANKAIS,rural,True
927,19,ZAMORA CHINCHIPE,1904,YACUAMBI,190450,28 DE MAYO,cabecera_cantonal,True
928,19,ZAMORA CHINCHIPE,1904,YACUAMBI,190451,LA PAZ,rural,True
929,19,ZAMORA CHINCHIPE,1904,YACUAMBI,190452,TUTUPALI,rural,True
930,19,ZAMORA CHINCHIPE,1905,YANTZAZA,190550,YANTZAZA,cabecera_cantonal,True
931,19,ZAMORA CHINCHIPE,1905,YANTZAZA,190551,CHICAÑA,rural,True
932,19,ZAMORA CHINCHIPE,1905,YANTZAZA,190553,LOS ENCUENTROS,rural,True
933,19,ZAMORA CHINCHIPE,1906,EL PANGUI,190650,EL PANGUI,cabecera_cantonal,True
934,19,ZAMORA CHINCHIPE,1906,EL PANGUI,190651,EL GUISME,rural,True
935,19,ZAMORA CHINCHIPE,1906,EL PANGUI,190652,PACHICUTZA,rural,True
936,19,ZAMORA CHINCHIPE,1906,EL PANGUI,190653,TUNDAYME,rural,True
937,19,ZAMORA CHINCHIPE,1907,CENTINELA DEL CÓNDOR,190750,ZUMBI,cabecera_cantonal,True
938,19,ZAMORA CHINCHIPE,1907,CENTINELA DEL CÓNDOR,190752,TRIUNFO DORADO,rural,True
939,19,ZAMORA CHINCHIPE,1907,CENTINELA DEL CÓNDOR,190753,PANGUINTZA,rural,True
940,19,ZAMORA CHINCHIPE,1908,PALANDA,190850,PALANDA,cabecera_cantonal,True
941,19,ZAMORA CHINCHIPE,1908,PALANDA,190851,EL PORVENIR DEL CARMEN,rural,True
942,19,ZAMORA CHINCHIPE,1908,PALANDA,190852,SAN FRANCISCO DEL VERGEL,rural,True
943,19,ZAMORA CHINCHIPE,1908,PALANDA,190853,VALLADOLID,rural,True
944,19,ZAMORA CHINCHIPE,1908,PALANDA,190854,LA CANELA,rural,True
945,19,ZAMORA CHINCHIPE,1909,PAQUISHA,190950,PAQUISHA,cabecera_cantonal,True
946,19,ZAMORA CHINCHIPE,1909,PAQUISHA,190951,BELLAVISTA,rural,True
947,19,ZAMORA CHINCHIPE,1909,PAQUISHA,190952,NUEVO QUITO,rural,True
948,20,GALÁPAGOS,2001,SAN CRISTÓBAL,200150,PUERTO BAQUERIZO MORENO,cabecera_cantonal,True
949,20,GALÁPAGOS,2001,SAN CRISTÓBAL,200151,EL PROGRESO,rural,True
950,20,GALÁPAGOS,2001,SAN CRISTÓBAL,200152,ISLA SANTA MARÍA FLOREANA,rural,True
951,20,GALÁPAGOS,2002,ISABELA,200250,PUERTO VILLAMIL,cabecera_cantonal,True
952,20,GALÁPAGOS,2002,ISABELA,200251,TOMÁS DE BERLANGA,rural,True
953,20,GALÁPAGOS,2003,SANTA CRUZ,200350,PUERTO AYORA,cabecera_cantonal,True
954,20,GALÁPAGOS,2003,SANTA CRUZ,200351,BELLA VISTA,rural,True
955,20,GALÁPAGOS,2003,SANTA CRUZ,200352,SANTA ROSA,rural,True
956,21,SUCUMBÍOS,2101,LAGO AGRIO,210150,NUEVA LOJA,cabecera_cantonal,True
957,21,SUCUMBÍOS,2101,LAGO AGRIO,210152,DURENO,rural,True
958,21,SUCUMBÍOS,2101,LAGO AGRIO,210153,GENERAL FARFÁN,rural,True
959,21,SUCUMBÍOS,2101,LAGO AGRIO,210155,EL ENO,rural,True
960,21,SUCUMBÍOS,2101,LAGO AGRIO,210156,PACAYACU,rural,True
961,21,SUCUMBÍOS,2101,LAGO AGRIO,210157,JAMBELÍ,rural,True
962,21,SUCUMBÍOS,2101,LAGO AGRIO,210158,SANTA CECILIA,rural,True
963,21,SUCUMBÍOS,2101,LAGO AGRIO,210160,10 DE AGOSTO,rural,True
964,21,SUCUMBÍOS,2102,GONZALO PIZARRO,210250,LUMBAQUÍ,cabecera_cantonal,True
965,21,SUCUMBÍOS,2102,GONZALO PIZARRO,210251,EL REVENTADOR,rural,True
966,21,SUCUMBÍOS,2102,GONZALO PIZARRO,210252,GONZALO PIZARRO,rural,True
967,21,SUCUMBÍOS,2102,GONZALO PIZARRO,210254,PUERTO LIBRE,rural,True
968,21,SUCUMBÍOS,2103,PUTUMAYO,210350,PUERTO EL CARMEN DE PUTUMAYO,cabecera_cantonal,True
969,21,SUCUMBÍOS,2103,PUTUMAYO,210351,PALMA ROJA,rural,True
970,21,SUCUMBÍOS,2103,PUTUMAYO,210352,PUERTO BOLÍVAR,rural,True
971,21,SUCUMBÍOS,2103,PUTUMAYO,210353,PUERTO RODRÍGUEZ,rural,True
972,21,SUCUMBÍOS,2103,PUTUMAYO,210354,SANTA ELENA,rural,True
973,21,SUCUMBÍOS,2103,PUTUMAYO,210355,SANSAHUARI,rural,True
974,21,SUCUMBÍOS,2104,SHUSHUFINDI,210450,SHUSHUFINDI,cabecera_cantonal,True
975,21,SUCUMBÍOS,2104,SHUSHUFINDI,210451,LIMONCOCHA,rural,True
976,21,SUCUMBÍOS,2104,SHUSHUFINDI,210452,PAÑACOCHA,rural,True
977,21,SUCUMBÍOS,2104,SHUSHUFINDI,210453,SAN ROQUE,rural,True
978,21,SUCUMBÍOS,2104,SHUSHUFINDI,210454,SAN PEDRO DE LOS COFÁNES,rural,True
979,21,SUCUMBÍOS,2104,SHUSHUFINDI,210455,SIETE DE JULIO,rural,True
980,21,SUCUMBÍOS,2104,SHUSHUFINDI,210456,LA MAGDALENA,rural,True
981,21,SUCUMBÍOS,2104,SHUSHUFINDI,210457,LA PRIMAVERA,rural,True
982,21,SUCUMBÍOS,2105,SUCUMBÍOS,210550,LA BONITA,cabecera_cantonal,True
983,21,SUCUMBÍOS,2105,SUCUMBÍOS,210551,EL PLAYÓN DE SAN FRANCISCO,rural,True
984,21,SUCUMBÍOS,2105,SUCUMBÍOS,210552,LA SOFÍA,rural,True
985,21,SUCUMBÍOS,2105,SUCUMBÍOS,210553,ROSA FLORIDA,rural,True
986,21,SUCUMBÍOS,2105,SUCUMBÍOS,210554,SANTA BÁRBARA,rural,True
987,21,SUCUMBÍOS,2106,CASCALES,210650,EL DORADO DE CASCALES,cabecera_cantonal,True
988,21,SUCUMBÍOS,2106,CASCALES,210651,SANTA ROSA DE SUCUMBÍOS,rural,True
989,21,SUCUMBÍOS,2106,CASCALES,210652,SEVILLA,rural,True
990,21,SUCUMBÍOS,2106,CASCALES,210653,NUEVA TRONCAL,rural,True
991,21,SUCUMBÍOS,2107,CUYABENO,210750,TARAPOA,cabecera_cantonal,True
992,21,SUCUMBÍOS,2107,CUYABENO,210751,CUYABENO,rural,True
993,21,SUCUMBÍOS,2107,CUYABENO,210752,AGUAS NEGRAS,rural,True
994,22,ORELLANA,2201,FRANCISCO DE ORELLANA,220150,EL COCA,cabecera_cantonal,True
995,22,ORELLANA,2201,FRANCISCO DE ORELLANA,220151,DAYUMA,rural,True
996,22,ORELLANA,2201,FRANCISCO DE ORELLANA,220152,TARACOA,rural,True
997,22,ORELLANA,2201,FRANCISCO DE ORELLANA,220153,ALEJANDRO LABAKA,rural,True
998,22,ORELLANA,2201,FRANCISCO DE ORELLANA,220154,EL DORADO,rural,True
999,22,ORELLANA,2201,FRANCISCO DE ORELLANA,220155,EL EDÉN,rural,True
1000,22,ORELLANA,2201,FRANCISCO DE ORELLANA,220156,GARCÍA MORENO,rural,True
1001,22,ORELLANA,2201,FRANCISCO DE ORELLANA,220157,INÉS ARANGO,rural,True
1002,22,ORELLANA,2201,FRANCISCO DE ORELLANA,220158,LA BELLEZA,rural,True
1003,22,ORELLANA,2201,FRANCISCO DE ORELLANA,220159,NUEVO PARAÍSO,rural,True
1004,22,ORELLANA,2201,FRANCISCO DE ORELLANA,220160,SAN JOSÉ DE GUAYUSA,rural,True
1005,22,ORELLANA,2201,FRANCISCO DE ORELLANA,220161,SAN LUIS DE ARMENIA,rural,True
1006,22,ORELLANA,2202,AGUARICO,220250,NUEVO ROCAFUERTE,cabecera_cantonal,True
1007,22,ORELLANA,2202,AGUARICO,220251,CAPITÁN AUGUSTO RIVADENEYRA,rural,True
1008,22,ORELLANA,2202,AGUARICO,220252,CONONACO,rural,True
1009,22,ORELLANA,2202,AGUARICO,220253,SANTA MARÍA DE HUIRIRIMA,rural,True
1010,22,ORELLANA,2202,AGUARICO,220255,YASUNÍ,rural,True
1011,22,ORELLANA,2203,LA JOYA DE LOS SACHAS,220350,LA JOYA DE LOS SACHAS,cabecera_cantonal,True
1012,22,ORELLANA,2203,LA JOYA DE LOS SACHAS,220351,ENOKANQUI,rural,True
1013,22,ORELLANA,2203,LA JOYA DE LOS SACHAS,220352,POMPEYA,rural,True
1014,22,ORELLANA,2203,LA JOYA DE LOS SACHAS,220353,SAN CARLOS,rural,True
1015,22,ORELLANA,2203,LA JOYA DE LOS SACHAS,220354,SAN SEBASTIÁN DEL COCA,rural,True
1016,22,ORELLANA,2203,LA JOYA DE LOS SACHAS,220355,LAGO SAN PEDRO,rural,True
1017,22,ORELLANA,2203,LA JOYA DE LOS SACHAS,220356,RUMIPAMBA,rural,True
1018,22,ORELLANA,2203,LA JOYA DE LOS SACHAS,220357,TRES DE NOVIEMBRE,rural,True
1019,22,ORELLANA,2203,LA JOYA DE LOS SACHAS,220358,UNIÓN MILAGREÑA,rural,True
1020,22,ORELLANA,2204,LORETO,220450,LORETO,cabecera_cantonal,True
1021,22,ORELLANA,2204,LORETO,220451,ÁVILA,rural,True
1022,22,ORELLANA,2204,LORETO,220452,PUERTO MURIALDO,rural,True
1023,22,ORELLANA,2204,LORETO,220453,SAN JOSÉ DE PAYAMINO,rural,True
1024,22,ORELLANA,2204,LORETO,220454,SAN JOSÉ DE DAHUANO,rural,True
1025,22,ORELLANA,2204,LORETO,220455,SAN VICENTE DE HUATICOCHA,rural,True
1026,23,SANTO DOMINGO DE LOS TSÁCHILAS,2301,SANTO DOMINGO,230150,SANTO DOMINGO DE LOS COLORADOS,cabecera_cantonal,True
1027,23,SANTO DOMINGO DE LOS TSÁCHILAS,2301,SANTO DOMINGO,230151,ALLURIQUÍN,rural,True
1028,23,SANTO DOMINGO DE LOS TSÁCHILAS,2301,SANTO DOMINGO,230152,PUERTO LIMÓN,rural,True
1029,23,SANTO DOMINGO DE LOS TSÁCHILAS,2301,SANTO DOMINGO,230153,LUZ DE AMÉRICA,rural,True
1030,23,SANTO DOMINGO DE LOS TSÁCHILAS,2301,SANTO DOMINGO,230154,SAN JACINTO DEL BÚA,rural,True
1031,23,SANTO DOMINGO DE LOS TSÁCHILAS,2301,SANTO DOMINGO,230155,VALLE HERMOSO,rural,True
1032,23,SANTO DOMINGO DE LOS TSÁCHILAS,2301,SANTO DOMINGO,230156,EL ESFUERZO,rural,True
1033,23,SANTO DOMINGO DE LOS TSÁCHILAS,2301,SANTO DOMINGO,230157,SANTA MARÍA DEL TOACHI,rural,True
1034,23,SANTO DOMINGO DE LOS TSÁCHILAS,2302,LA CONCORDIA,230250,LA CONCORDIA,cabecera_cantonal,True
1035,23,SANTO DOMINGO DE LOS TSÁCHILAS,2302,LA CONCORDIA,230251,MONTERREY,rural,True
1036,23,SANTO DOMINGO DE LOS TSÁCHILAS,2302,LA CONCORDIA,230252,LA VILLEGAS,rural,True
1037,23,SANTO DOMINGO DE LOS TSÁCHILAS,2302,LA CONCORDIA,230253,PLAN PILOTO,rural,True
1038,24,SANTA ELENA,2401,SANTA ELENA,240150,SANTA ELENA,cabecera_cantonal,True
1039,24,SANTA ELENA,2401,SANTA ELENA,240151,ATAHUALPA,rural,True
1040,24,SANTA ELENA,2401,SANTA ELENA,240152,COLONCHE,rural,True
1041,24,SANTA ELENA,2401,SANTA ELENA,240153,CHANDUY,rural,True
1042,24,SANTA ELENA,2401,SANTA ELENA,240154,MANGLARALTO,rural,True
1043,24,SANTA ELENA,2401,SANTA ELENA,240155,SIMÓN BOLÍVAR,rural,True
1044,24,SANTA ELENA,2401,SANTA ELENA,240156,SAN JOSÉ DE ANCÓN,rural,True
1045,24,SANTA ELENA,2402,LA LIBERTAD,240250,LA LIBERTAD,cabecera_cantonal,True
1046,24,SANTA ELENA,2403,SALINAS,240350,SALINAS,cabecera_cantonal,True
1047,24,SANTA ELENA,2403,SALINAS,240351,ANCONCITO,rural,True
1048,24,SANTA ELENA,2403,SALINAS,240352,JOSÉ LUIS TAMAYO,rural,True
1049,90,ZONA EN ESTUDIO,9006,JUVAL,900651,JUVAL (CAÑAR-CHIMBORAZO),rural,False
1050,90,ZONA EN ESTUDIO,9009,MORONA,900951,SINAÍ-CUCHAENTZA,rural,False
